{
  "custom": {},
  "params": {},
  "props": {},
  "root": {
    "children": [
      {
        "meta": {
          "name": "NumericEntryField"
        },
        "position": {
          "height": 32,
          "width": 44,
          "x": 92,
          "y": 259
        },
        "propConfig": {
          "props.value": {
            "binding": {
              "config": {
                "bidirectional": true,
                "fallbackDelay": 2.5,
                "mode": "direct",
                "tagPath": "[default]Edge Nodes/Opto22/Company/Shifts/ShiftDataset[0,1]"
              },
              "type": "tag"
            }
          }
        },
        "type": "ia.input.numeric-entry-field"
      },
      {
        "meta": {
          "name": "Label"
        },
        "position": {
          "height": 32,
          "width": 50,
          "x": 19,
          "y": 213
        },
        "props": {
          "text": "Label"
        },
        "type": "ia.display.label"
      },
      {
        "meta": {
          "name": "NumericEntryField_0"
        },
        "position": {
          "height": 32,
          "rotate": {
            "anchor": "234% 63%"
          },
          "width": 44,
          "x": 157,
          "y": 259
        },
        "propConfig": {
          "props.value": {
            "binding": {
              "config": {
                "bidirectional": true,
                "fallbackDelay": 2.5,
                "mode": "direct",
                "tagPath": "[default]Edge Nodes/Opto22/Company/Shifts/ShiftDataset[0,2]"
              },
              "type": "tag"
            }
          }
        },
        "type": "ia.input.numeric-entry-field"
      }
    ],
    "meta": {
      "name": "root"
    },
    "type": "ia.container.coord"
  }
}