{
  "custom": {},
  "events": {
    "system": {
      "onShutdown": {
        "config": {
          "params": {
            "settings": "{view.custom.StartupSettings}"
          },
          "view": "Page/Startup Profile"
        },
        "scope": "C",
        "type": "nav"
      }
    }
  },
  "params": {},
  "props": {
    "defaultSize": {
      "height": 505,
      "width": 360
    }
  },
  "root": {
    "children": [
      {
        "meta": {
          "name": "Today Startup Label"
        },
        "position": {
          "basis": "25px"
        },
        "props": {
          "style": {
            "classes": "All_Text/Base_Text",
            "fontWeight": "bold",
            "marginLeft": "15px",
            "marginTop": "10px"
          },
          "text": "Today\u0027s Startup"
        },
        "type": "ia.display.label"
      },
      {
        "children": [
          {
            "children": [
              {
                "meta": {
                  "name": "Today Start Label"
                },
                "position": {
                  "basis": "25px"
                },
                "props": {
                  "style": {
                    "fontFamily": "Verdana",
                    "fontSize": "12px",
                    "marginLeft": "15px"
                  },
                  "text": "Start Time"
                },
                "type": "ia.display.label"
              },
              {
                "meta": {
                  "name": "Today Start Input"
                },
                "position": {
                  "basis": "32px"
                },
                "propConfig": {
                  "props.value": {
                    "binding": {
                      "config": {
                        "bidirectional": true,
                        "path": "session.custom.startup-profile-settings.start-time"
                      },
                      "type": "property"
                    }
                  }
                },
                "props": {
                  "format": "hh:mm a",
                  "formattedValue": "08:00 am",
                  "pickerType": "time",
                  "style": {
                    "marginTop": "15px"
                  }
                },
                "type": "ia.input.date-time-input"
              }
            ],
            "meta": {
              "name": "Today Start Container"
            },
            "position": {
              "basis": "160px"
            },
            "props": {
              "direction": "column"
            },
            "type": "ia.container.flex"
          },
          {
            "children": [
              {
                "meta": {
                  "name": "Today End Label"
                },
                "position": {
                  "basis": "25px"
                },
                "props": {
                  "style": {
                    "fontFamily": "Verdana",
                    "fontSize": "12px",
                    "marginLeft": "15px"
                  },
                  "text": "End Time"
                },
                "type": "ia.display.label"
              },
              {
                "meta": {
                  "name": "Today End Input"
                },
                "position": {
                  "basis": "32px"
                },
                "propConfig": {
                  "props.value": {
                    "binding": {
                      "config": {
                        "bidirectional": true,
                        "path": "session.custom.startup-profile-settings.end-time"
                      },
                      "type": "property"
                    }
                  }
                },
                "props": {
                  "format": "hh:mm a",
                  "formattedValue": "11:00 am",
                  "pickerType": "time",
                  "style": {
                    "marginTop": "15px"
                  }
                },
                "type": "ia.input.date-time-input"
              }
            ],
            "meta": {
              "name": "Today End Container"
            },
            "position": {
              "basis": "160px"
            },
            "props": {
              "direction": "column"
            },
            "type": "ia.container.flex"
          }
        ],
        "meta": {
          "name": "Today Startup Inputs"
        },
        "position": {
          "basis": "100px"
        },
        "props": {
          "style": {
            "borderStyle": "none"
          },
          "wrap": "wrap"
        },
        "type": "ia.container.flex"
      },
      {
        "meta": {
          "name": "Basleine Startup Label"
        },
        "position": {
          "basis": "25px"
        },
        "props": {
          "style": {
            "classes": "All_Text/Base_Text",
            "fontWeight": "bold",
            "marginLeft": "15px"
          },
          "text": "Reference Startup"
        },
        "type": "ia.display.label"
      },
      {
        "children": [
          {
            "children": [
              {
                "meta": {
                  "name": "Basleine Start Label"
                },
                "position": {
                  "basis": "20px"
                },
                "props": {
                  "style": {
                    "fontFamily": "Verdana",
                    "fontSize": "12px",
                    "marginLeft": "15px"
                  },
                  "text": "Start Date"
                },
                "type": "ia.display.label"
              },
              {
                "meta": {
                  "name": "Baseline Start"
                },
                "position": {
                  "basis": "32px"
                },
                "propConfig": {
                  "props.value": {
                    "binding": {
                      "config": {
                        "bidirectional": true,
                        "path": "session.custom.startup-profile-settings.baseline-date"
                      },
                      "type": "property"
                    }
                  }
                },
                "props": {
                  "dismissOnSelect": false,
                  "format": "ll",
                  "formattedValue": "Sep 12, 2023",
                  "inputProps": {
                    "style": {
                      "backgroundColor": "#FFFFFF",
                      "borderBottomLeftRadius": "5px",
                      "borderBottomRightRadius": "5px",
                      "borderColor": "#D4D4D4",
                      "borderStyle": "solid",
                      "borderTopLeftRadius": "5px",
                      "borderTopRightRadius": "5px",
                      "borderWidth": "2px",
                      "color": "#212427",
                      "fontFamily": "Verdana"
                    }
                  },
                  "pickerType": "date",
                  "style": {
                    "borderStyle": "none",
                    "marginLeft": "15px",
                    "marginRight": "5px"
                  }
                },
                "type": "ia.input.date-time-input"
              }
            ],
            "meta": {
              "name": "Baseline Start Container"
            },
            "position": {
              "basis": "250px"
            },
            "props": {
              "direction": "column"
            },
            "type": "ia.container.flex"
          }
        ],
        "meta": {
          "name": "Basleine Startup Inputs"
        },
        "position": {
          "basis": "65px"
        },
        "props": {
          "style": {
            "borderStyle": "none"
          },
          "wrap": "wrap"
        },
        "type": "ia.container.flex"
      },
      {
        "meta": {
          "name": "Duration Label"
        },
        "position": {
          "basis": "30px"
        },
        "props": {
          "style": {
            "classes": "All_Text/Base_Text",
            "fontWeight": "bold",
            "marginLeft": "15px"
          },
          "text": "Duration of Startup"
        },
        "type": "ia.display.label"
      },
      {
        "children": [
          {
            "meta": {
              "name": "Startup Duration Value"
            },
            "position": {
              "basis": "80px"
            },
            "propConfig": {
              "props.value": {
                "binding": {
                  "config": {
                    "bidirectional": true,
                    "path": "session.custom.startup-profile-settings.duration-min"
                  },
                  "type": "property"
                }
              }
            },
            "props": {
              "spinner": {
                "enabled": false
              },
              "style": {
                "classes": "Backgrounds/inputboxes"
              }
            },
            "type": "ia.input.numeric-entry-field"
          },
          {
            "meta": {
              "name": "minutes label"
            },
            "position": {
              "basis": "-14.7%"
            },
            "props": {
              "style": {
                "classes": "All_Text/Base_Text",
                "fontSize": "15px",
                "paddingLeft": "5px"
              },
              "text": "minutes"
            },
            "type": "ia.display.label"
          }
        ],
        "meta": {
          "name": "Duration Inputs"
        },
        "position": {
          "basis": "30px"
        },
        "props": {
          "wrap": "wrap"
        },
        "type": "ia.container.flex"
      },
      {
        "meta": {
          "name": "Min Power Label"
        },
        "position": {
          "basis": "30px"
        },
        "props": {
          "style": {
            "classes": "All_Text/Base_Text",
            "fontWeight": "bold",
            "marginLeft": "15px",
            "marginTop": "10px"
          },
          "text": "Minimim Power of Startup"
        },
        "type": "ia.display.label"
      },
      {
        "children": [
          {
            "meta": {
              "name": "Min power Value"
            },
            "position": {
              "basis": "80px"
            },
            "propConfig": {
              "props.value": {
                "binding": {
                  "config": {
                    "bidirectional": true,
                    "path": "session.custom.startup-profile-settings.min-power-watts"
                  },
                  "type": "property"
                }
              }
            },
            "props": {
              "format": "0.0a",
              "spinner": {
                "enabled": false
              },
              "style": {
                "classes": "Backgrounds/inputboxes"
              }
            },
            "type": "ia.input.numeric-entry-field"
          },
          {
            "meta": {
              "name": "kw label"
            },
            "position": {
              "basis": "50px"
            },
            "props": {
              "style": {
                "classes": "All_Text/Base_Text",
                "fontSize": "15px",
                "paddingLeft": "5px"
              },
              "text": "W"
            },
            "type": "ia.display.label"
          }
        ],
        "meta": {
          "name": "Min Power Inputs"
        },
        "position": {
          "basis": "30px"
        },
        "props": {
          "alignContent": "center"
        },
        "type": "ia.container.flex"
      },
      {
        "meta": {
          "name": "Look Back Label"
        },
        "position": {
          "basis": "30px"
        },
        "props": {
          "style": {
            "classes": "All_Text/Base_Text",
            "fontWeight": "bold",
            "marginLeft": "15px",
            "marginTop": "10px"
          },
          "text": "Look Back"
        },
        "type": "ia.display.label"
      },
      {
        "children": [
          {
            "meta": {
              "name": "Look Back Value"
            },
            "position": {
              "basis": "80px"
            },
            "propConfig": {
              "props.value": {
                "binding": {
                  "config": {
                    "bidirectional": true,
                    "path": "session.custom.startup-profile-settings.lookback-min"
                  },
                  "type": "property"
                }
              }
            },
            "props": {
              "spinner": {
                "enabled": false
              },
              "style": {
                "classes": "Backgrounds/inputboxes"
              }
            },
            "type": "ia.input.numeric-entry-field"
          },
          {
            "meta": {
              "name": "Min Before Label"
            },
            "position": {
              "basis": "270px"
            },
            "propConfig": {
              "props.text": {
                "binding": {
                  "config": {
                    "expression": "concat( \"minutes before machine hit \",{.../Min Power Inputs/Min power Value.props.value}, \" W\") "
                  },
                  "type": "expr"
                }
              }
            },
            "props": {
              "style": {
                "classes": "All_Text/Base_Text",
                "fontSize": "15px",
                "paddingLeft": "5px"
              }
            },
            "type": "ia.display.label"
          }
        ],
        "meta": {
          "name": "Look Back Inputs"
        },
        "position": {
          "basis": "30px"
        },
        "props": {
          "style": {
            "marginBottom": "10px",
            "overflow": "hidden"
          }
        },
        "type": "ia.container.flex"
      },
      {
        "events": {
          "component": {
            "onActionPerformed": {
              "config": {
                "script": "\tsystem.perspective.closePopup(\u002735SPkugW\u0027)"
              },
              "scope": "G",
              "type": "script"
            }
          }
        },
        "meta": {
          "name": "Button"
        },
        "position": {
          "basis": "40px"
        },
        "props": {
          "style": {
            "backgroundColor": "#D4D4D4",
            "borderBottomLeftRadius": "5px",
            "borderBottomRightRadius": "5px",
            "borderStyle": "none",
            "borderTopLeftRadius": "5px",
            "borderTopRightRadius": "5px",
            "classes": "All_Text/Base_Text",
            "marginLeft": "140px",
            "marginRight": "140px",
            "marginTop": "10px"
          },
          "text": "Done"
        },
        "type": "ia.input.button"
      }
    ],
    "meta": {
      "name": "root"
    },
    "props": {
      "direction": "column",
      "style": {
        "backgroundColor": "#FFFFFF"
      }
    },
    "type": "ia.container.flex"
  }
}