{
  "custom": {},
  "params": {
    "path": "Sun",
    "val": true
  },
  "propConfig": {
    "params.path": {
      "paramDirection": "input",
      "persistent": true
    },
    "params.val": {
      "binding": {
        "config": {
          "path": "/root/Day Checkbox.props.selected"
        },
        "type": "property"
      },
      "paramDirection": "inout",
      "persistent": true
    }
  },
  "props": {
    "defaultSize": {
      "height": 77,
      "width": 40
    },
    "loading": {
      "mode": "blocking"
    }
  },
  "root": {
    "children": [
      {
        "meta": {
          "name": "Day Checkbox"
        },
        "position": {
          "basis": "50px",
          "grow": 1
        },
        "propConfig": {
          "props.selected": {
            "binding": {
              "config": {
                "bidirectional": true,
                "path": "view.params.val"
              },
              "type": "property"
            }
          },
          "props.text": {
            "binding": {
              "config": {
                "path": "view.params.path"
              },
              "type": "property"
            }
          }
        },
        "props": {
          "checkedIcon": {
            "color": {
              "disabled": "#F4F4F4",
              "enabled": "#D49E0F"
            },
            "style": {
              "borderColor": "#000F5D"
            }
          },
          "style": {
            "borderColor": "#000F5D",
            "classes": "All_Text/Base_Text",
            "marginBottom": "10px",
            "marginTop": "10px"
          },
          "textPosition": "top"
        },
        "type": "ia.input.checkbox"
      }
    ],
    "meta": {
      "name": "root"
    },
    "props": {
      "direction": "column",
      "style": {
        "backgroundColor": "#FFFFFF"
      }
    },
    "type": "ia.container.flex"
  }
}