{
  "custom": {
    "DeviceType": "RIO-EMU-OPC_v2",
    "navPath": "energy-device/Groov1/Servo1/RIO-EMU-OPC_v2"
  },
  "params": {
    "fullPath": "[MQTT Engine]Edge Nodes/BlueRidge/Groov1/Energy/Loads/Servo1",
    "typeId": "Energy Monitoring UDTs/RIO-EMU-OPC_v2"
  },
  "propConfig": {
    "custom.DeviceType": {
      "binding": {
        "config": {
          "path": "view.params.typeId"
        },
        "transforms": [
          {
            "code": "\treturn value.split(\"/\")[len(value.split(\"/\"))-1]",
            "type": "script"
          }
        ],
        "type": "property"
      },
      "persistent": true
    },
    "custom.navPath": {
      "binding": {
        "config": {
          "path": "view.params.fullPath"
        },
        "transforms": [
          {
            "code": "\tar \u003d value.split(\"/\")\n\tnodeName \u003d ar[len(value.split(\"/\"))-4]\n\tloadName \u003d ar[len(value.split(\"/\"))-1]\n\t\n\treturn \u0027energy-device/\u0027 + nodeName + \"/\" + loadName + \u0027/\u0027 + self.custom.DeviceType",
            "type": "script"
          }
        ],
        "type": "property"
      },
      "persistent": true
    },
    "params.fullPath": {
      "paramDirection": "input",
      "persistent": true
    },
    "params.typeId": {
      "paramDirection": "input",
      "persistent": true
    }
  },
  "props": {
    "defaultSize": {
      "height": 169,
      "width": 474
    }
  },
  "root": {
    "children": [
      {
        "events": {
          "dom": {
            "onClick": {
              "config": {
                "script": "\n\tsystem.perspective.navigate(self.view.custom.navPath)"
              },
              "scope": "G",
              "type": "script"
            }
          }
        },
        "meta": {
          "name": "EmbeddedView"
        },
        "position": {
          "basis": "320px",
          "grow": 1
        },
        "propConfig": {
          "props.params.fullPath": {
            "binding": {
              "config": {
                "path": "view.params.fullPath"
              },
              "type": "property"
            }
          },
          "props.path": {
            "binding": {
              "config": {
                "path": "view.custom.DeviceType"
              },
              "transforms": [
                {
                  "code": "\treturn \"Templates/DeviceCards/\" + value",
                  "type": "script"
                }
              ],
              "type": "property"
            }
          }
        },
        "type": "ia.display.view"
      }
    ],
    "meta": {
      "name": "root"
    },
    "props": {
      "direction": "column",
      "style": {
        "classes": "ESN/loadCard"
      }
    },
    "type": "ia.container.flex"
  }
}