{
  "custom": {},
  "params": {
    "device": "Compressor2",
    "tagPath": "[ESN]Opto22/EdgeNodes/EMK1-0001/Loads/Compressor2"
  },
  "propConfig": {
    "params.device": {
      "paramDirection": "input",
      "persistent": true
    },
    "params.tagPath": {
      "paramDirection": "input",
      "persistent": true
    }
  },
  "props": {
    "defaultSize": {
      "height": 900,
      "width": 1100
    }
  },
  "root": {
    "children": [
      {
        "meta": {
          "name": "FlexContainer_0"
        },
        "position": {
          "basis": "10px"
        },
        "type": "ia.container.flex"
      },
      {
        "children": [
          {
            "meta": {
              "name": "Label"
            },
            "position": {
              "basis": "415px"
            },
            "props": {
              "text": "Power Chart with Energy Calcalations",
              "textStyle": {
                "fontFamily": "Noto Sans",
                "fontSize": 18,
                "fontWeight": "bold",
                "marginBottom": 5,
                "marginLeft": 10,
                "marginRight": 10,
                "marginTop": 5
              }
            },
            "type": "ia.display.label"
          },
          {
            "meta": {
              "name": "Spacer1"
            },
            "position": {
              "basis": "400px"
            },
            "type": "ia.container.flex"
          },
          {
            "events": {
              "dom": {
                "onClick": {
                  "config": {
                    "draggable": true,
                    "id": "fRplWhbO",
                    "modal": false,
                    "overlayDismiss": false,
                    "resizable": true,
                    "showCloseIcon": true,
                    "type": "open",
                    "viewParams": {
                      "tagPath": "{view.params.tagPath}"
                    },
                    "viewPath": "Popups/ExcelDownload",
                    "viewportBound": false
                  },
                  "scope": "C",
                  "type": "popup"
                }
              }
            },
            "meta": {
              "name": "Icon_0"
            },
            "position": {
              "basis": "32px"
            },
            "props": {
              "color": "#808080",
              "path": "material/arrow_circle_down"
            },
            "type": "ia.display.icon"
          },
          {
            "meta": {
              "name": "Label_0"
            },
            "position": {
              "basis": "175px"
            },
            "props": {
              "text": "Download power data",
              "textStyle": {
                "classes": "All_Text/Input_Label_Text_small",
                "textAlign": "left"
              }
            },
            "type": "ia.display.label"
          }
        ],
        "meta": {
          "name": "TitleBar"
        },
        "position": {
          "basis": "36px",
          "shrink": 0
        },
        "props": {
          "alignItems": "flex-end"
        },
        "type": "ia.container.flex"
      },
      {
        "meta": {
          "name": "FlexContainer"
        },
        "position": {
          "basis": "10px"
        },
        "type": "ia.container.flex"
      },
      {
        "children": [
          {
            "meta": {
              "name": "PowerChart"
            },
            "position": {
              "basis": "800px",
              "grow": 1
            },
            "propConfig": {
              "props.config.tagBrowserStartPath": {
                "binding": {
                  "config": {
                    "path": "view.params.tagPath"
                  },
                  "type": "property"
                }
              },
              "props.pens[0].data.source": {
                "binding": {
                  "config": {
                    "expression": "{view.params.tagPath}+\"/Data/Totals/Power/Total_TruePower\""
                  },
                  "type": "expr"
                }
              },
              "props.pens[1].data.source": {
                "binding": {
                  "config": {
                    "expression": "{view.params.tagPath}+\"/Data/Totals/Power/Total_PowerFactor\""
                  },
                  "type": "expr"
                }
              },
              "props.pens[2].data.source": {
                "binding": {
                  "config": {
                    "path": "view.params.tagPath"
                  },
                  "transforms": [
                    {
                      "expression": "{value}+\"/Data/PhaseA/Power/PhA_TruePower\"",
                      "type": "expression"
                    }
                  ],
                  "type": "property"
                }
              },
              "props.pens[3].data.source": {
                "binding": {
                  "config": {
                    "path": "view.params.tagPath"
                  },
                  "transforms": [
                    {
                      "expression": "{value}+\"/Data/PhaseB/Power/PhB_TruePower\"",
                      "type": "expression"
                    }
                  ],
                  "type": "property"
                }
              },
              "props.pens[4].data.source": {
                "binding": {
                  "config": {
                    "path": "view.params.tagPath"
                  },
                  "transforms": [
                    {
                      "expression": "{value}+\"/Data/PhaseC/Power/PhC_TruePower\"",
                      "type": "expression"
                    }
                  ],
                  "type": "property"
                }
              }
            },
            "props": {
              "axes": [
                {
                  "color": "#757A7F",
                  "dataFormat": "0,0.##",
                  "grid": {
                    "color": "",
                    "dashArray": 0,
                    "opacity": 0.9,
                    "style": {
                      "classes": ""
                    },
                    "visible": false
                  },
                  "label": {
                    "font": {
                      "color": "#757A7F",
                      "size": 10
                    },
                    "offset": 0,
                    "style": {
                      "classes": ""
                    },
                    "text": "Power (kW)"
                  },
                  "name": "PowerAxis",
                  "position": "left",
                  "range": {
                    "auto": true,
                    "max": "",
                    "min": ""
                  },
                  "style": {
                    "classes": ""
                  },
                  "tick": {
                    "color": "#757A7F",
                    "count": "Auto",
                    "label": {
                      "font": {
                        "color": "#757A7F",
                        "size": 10
                      },
                      "format": "Auto",
                      "style": {
                        "classes": ""
                      }
                    },
                    "style": {
                      "classes": ""
                    }
                  },
                  "width": 60
                },
                {
                  "color": "#757A7F",
                  "dataFormat": "0,0.##",
                  "grid": {
                    "color": "",
                    "dashArray": 0,
                    "opacity": 0.9,
                    "style": {
                      "classes": ""
                    },
                    "visible": false
                  },
                  "label": {
                    "font": {
                      "color": "#757A7F",
                      "size": 10
                    },
                    "offset": 0,
                    "style": {
                      "classes": ""
                    },
                    "text": "Power Factor"
                  },
                  "name": "Power Factor",
                  "position": "right",
                  "range": {
                    "auto": false,
                    "max": 1,
                    "min": 0
                  },
                  "style": {
                    "classes": ""
                  },
                  "tick": {
                    "color": "#757A7F",
                    "count": "Auto",
                    "label": {
                      "font": {
                        "color": "#757A7F",
                        "size": 10
                      },
                      "format": "Auto",
                      "style": {
                        "classes": ""
                      }
                    },
                    "style": {
                      "classes": ""
                    }
                  },
                  "width": 60
                }
              ],
              "config": {
                "endDate": {
                  "$": [
                    "ts",
                    0,
                    1721330773444
                  ],
                  "$ts": 1721295170366
                },
                "mode": "historical",
                "pointCount": 1000,
                "rangeEndDate": {
                  "$": [
                    "ts",
                    0,
                    1721330774185
                  ],
                  "$ts": 1721295022514
                },
                "rangeSelectorPen": "histprov:ESN:/tag:Opto22/EdgeNodes/EMK1-0001/Loads/Compressor2/Data/PhaseA/Power/PhA_ReactivePower",
                "rangeStartDate": {
                  "$": [
                    "ts",
                    0,
                    1721330774185
                  ],
                  "$ts": 1721146843841
                },
                "startDate": {
                  "$": [
                    "ts",
                    0,
                    1721330773444
                  ],
                  "$ts": 1721146843841
                }
              },
              "dataColumns": {
                "penControl": {
                  "currentValue": false
                },
                "rangeSelection": {
                  "first": false,
                  "last": false,
                  "median": false,
                  "standardDeviation": false,
                  "sum": false
                }
              },
              "interaction": {
                "chartZoomLevel": 1,
                "mode": "rangeBrush",
                "panAndZoom": {
                  "freeRange": true
                },
                "rangeBrush": {
                  "values": [
                    {
                      "end": {
                        "$": [
                          "ts",
                          0,
                          1721330949720
                        ],
                        "$ts": 1721261674516
                      },
                      "id": "range-brush-1721330732237",
                      "plot": 0,
                      "start": {
                        "$": [
                          "ts",
                          0,
                          1721330949720
                        ],
                        "$ts": 1721212247399
                      }
                    },
                    {
                      "end": {
                        "$": [
                          "ts",
                          0,
                          1721330949721
                        ],
                        "$ts": 1721272082008
                      },
                      "id": "range-brush-1721330943644",
                      "plot": 0,
                      "start": {
                        "$": [
                          "ts",
                          0,
                          1721330949721
                        ],
                        "$ts": 1721248461784
                      }
                    },
                    {
                      "end": {
                        "$": [
                          "ts",
                          0,
                          1721330949721
                        ],
                        "$ts": 1721274970812
                      },
                      "id": "range-brush-1721330945413",
                      "plot": 0,
                      "start": {
                        "$": [
                          "ts",
                          0,
                          1721330949721
                        ],
                        "$ts": 1721274800883
                      }
                    },
                    {
                      "end": {
                        "$": [
                          "ts",
                          0,
                          1721330950230
                        ],
                        "$ts": 1721236056918
                      },
                      "id": "range-brush-1721330949720",
                      "plot": 0,
                      "start": {
                        "$": [
                          "ts",
                          0,
                          1721330949721
                        ],
                        "$ts": 1721192384992
                      }
                    }
                  ]
                },
                "rangeZoomLevel": 1,
                "xTrace": {
                  "values": [
                    {
                      "$": [
                        "ts",
                        0,
                        1721330540205
                      ],
                      "$ts": 1721255879613
                    },
                    {
                      "$": [
                        "ts",
                        0,
                        1721330540205
                      ],
                      "$ts": 1721305477168
                    }
                  ]
                }
              },
              "pens": [
                {
                  "axis": "PowerAxis",
                  "data": {
                    "aggregateMode": "default"
                  },
                  "display": {
                    "breakLine": true,
                    "interpolation": "curveLinear",
                    "radius": 3,
                    "styles": {
                      "highlighted": {
                        "fill": {
                          "color": "#63BEA2",
                          "opacity": 1
                        },
                        "stroke": {
                          "color": "#63BEA2",
                          "dashArray": 0,
                          "opacity": 1,
                          "width": 1
                        }
                      },
                      "muted": {
                        "fill": {
                          "color": "#63BEA2",
                          "opacity": 0.4
                        },
                        "stroke": {
                          "color": "#63BEA2",
                          "dashArray": 0,
                          "opacity": 0.4,
                          "width": 1
                        }
                      },
                      "normal": {
                        "fill": {
                          "color": "#63BEA2",
                          "opacity": 0.8
                        },
                        "stroke": {
                          "color": "#800080",
                          "dashArray": 0,
                          "opacity": 0.8,
                          "width": 1
                        }
                      },
                      "selected": {
                        "fill": {
                          "color": "#63BEA2",
                          "opacity": 1
                        },
                        "stroke": {
                          "color": "#63BEA2",
                          "dashArray": 0,
                          "opacity": 1,
                          "width": 1
                        }
                      }
                    },
                    "type": "line"
                  },
                  "enabled": true,
                  "name": "Total Real Power",
                  "plot": 0,
                  "selectable": true,
                  "visible": true
                },
                {
                  "axis": "Power Factor",
                  "data": {
                    "aggregateMode": "default"
                  },
                  "display": {
                    "breakLine": true,
                    "interpolation": "curveLinear",
                    "radius": 3,
                    "styles": {
                      "highlighted": {
                        "fill": {
                          "color": "#63BEA2",
                          "opacity": 1
                        },
                        "stroke": {
                          "color": "#63BEA2",
                          "dashArray": 0,
                          "opacity": 1,
                          "width": 1
                        }
                      },
                      "muted": {
                        "fill": {
                          "color": "#63BEA2",
                          "opacity": 0.4
                        },
                        "stroke": {
                          "color": "#63BEA2",
                          "dashArray": 0,
                          "opacity": 0.4,
                          "width": 1
                        }
                      },
                      "normal": {
                        "fill": {
                          "color": "#63BEA2",
                          "opacity": 0.8
                        },
                        "stroke": {
                          "color": "#008000",
                          "dashArray": 0,
                          "opacity": 0.8,
                          "width": 1
                        }
                      },
                      "selected": {
                        "fill": {
                          "color": "#63BEA2",
                          "opacity": 1
                        },
                        "stroke": {
                          "color": "#63BEA2",
                          "dashArray": 0,
                          "opacity": 1,
                          "width": 1
                        }
                      }
                    },
                    "type": "line"
                  },
                  "enabled": true,
                  "name": "Power Factor",
                  "plot": 0,
                  "selectable": true,
                  "visible": true
                },
                {
                  "axis": "PowerAxis",
                  "data": {
                    "aggregateMode": "default"
                  },
                  "display": {
                    "breakLine": true,
                    "interpolation": "curveLinear",
                    "radius": 3,
                    "styles": {
                      "highlighted": {
                        "fill": {
                          "color": "#63BEA2",
                          "opacity": 1
                        },
                        "stroke": {
                          "color": "#63BEA2",
                          "dashArray": 0,
                          "opacity": 1,
                          "width": 1
                        }
                      },
                      "muted": {
                        "fill": {
                          "color": "#63BEA2",
                          "opacity": 0.4
                        },
                        "stroke": {
                          "color": "#63BEA2",
                          "dashArray": 0,
                          "opacity": 0.4,
                          "width": 1
                        }
                      },
                      "normal": {
                        "fill": {
                          "color": "#63BEA2",
                          "opacity": 0.8
                        },
                        "stroke": {
                          "color": "#000000",
                          "dashArray": 0,
                          "opacity": 0.8,
                          "width": 1
                        }
                      },
                      "selected": {
                        "fill": {
                          "color": "#63BEA2",
                          "opacity": 1
                        },
                        "stroke": {
                          "color": "#63BEA2",
                          "dashArray": 0,
                          "opacity": 1,
                          "width": 1
                        }
                      }
                    },
                    "type": "line"
                  },
                  "enabled": true,
                  "name": "Phase A Real Power",
                  "plot": 0,
                  "selectable": true,
                  "visible": true
                },
                {
                  "axis": "PowerAxis",
                  "data": {
                    "aggregateMode": "default"
                  },
                  "display": {
                    "breakLine": true,
                    "interpolation": "curveLinear",
                    "radius": 3,
                    "styles": {
                      "highlighted": {
                        "fill": {
                          "color": "#63BEA2",
                          "opacity": 1
                        },
                        "stroke": {
                          "color": "#63BEA2",
                          "dashArray": 0,
                          "opacity": 1,
                          "width": 1
                        }
                      },
                      "muted": {
                        "fill": {
                          "color": "#63BEA2",
                          "opacity": 0.4
                        },
                        "stroke": {
                          "color": "#63BEA2",
                          "dashArray": 0,
                          "opacity": 0.4,
                          "width": 1
                        }
                      },
                      "normal": {
                        "fill": {
                          "color": "#63BEA2",
                          "opacity": 0.8
                        },
                        "stroke": {
                          "color": "#AC0000",
                          "dashArray": 0,
                          "opacity": 0.8,
                          "width": 1
                        }
                      },
                      "selected": {
                        "fill": {
                          "color": "#63BEA2",
                          "opacity": 1
                        },
                        "stroke": {
                          "color": "#63BEA2",
                          "dashArray": 0,
                          "opacity": 1,
                          "width": 1
                        }
                      }
                    },
                    "type": "line"
                  },
                  "enabled": true,
                  "name": "Phase B Real Power",
                  "plot": 0,
                  "selectable": true,
                  "visible": true
                },
                {
                  "axis": "PowerAxis",
                  "data": {
                    "aggregateMode": "default"
                  },
                  "display": {
                    "breakLine": true,
                    "interpolation": "curveLinear",
                    "radius": 3,
                    "styles": {
                      "highlighted": {
                        "fill": {
                          "color": "#63BEA2",
                          "opacity": 1
                        },
                        "stroke": {
                          "color": "#63BEA2",
                          "dashArray": 0,
                          "opacity": 1,
                          "width": 1
                        }
                      },
                      "muted": {
                        "fill": {
                          "color": "#63BEA2",
                          "opacity": 0.4
                        },
                        "stroke": {
                          "color": "#63BEA2",
                          "dashArray": 0,
                          "opacity": 0.4,
                          "width": 1
                        }
                      },
                      "normal": {
                        "fill": {
                          "color": "#63BEA2",
                          "opacity": 0.8
                        },
                        "stroke": {
                          "color": "#000080",
                          "dashArray": 0,
                          "opacity": 0.8,
                          "width": 1
                        }
                      },
                      "selected": {
                        "fill": {
                          "color": "#63BEA2",
                          "opacity": 1
                        },
                        "stroke": {
                          "color": "#63BEA2",
                          "dashArray": 0,
                          "opacity": 1,
                          "width": 1
                        }
                      }
                    },
                    "type": "line"
                  },
                  "enabled": true,
                  "name": "Phase C Real Power",
                  "plot": 0,
                  "selectable": true,
                  "visible": true
                }
              ]
            },
            "type": "ia.chart.powerchart"
          }
        ],
        "meta": {
          "name": "PowerData"
        },
        "position": {
          "basis": "700px",
          "grow": 1
        },
        "props": {
          "alignContent": "flex-start",
          "alignItems": "flex-start",
          "style": {
            "classes": "Charts/HomeDashboardCharts"
          }
        },
        "type": "ia.container.flex"
      },
      {
        "children": [
          {
            "meta": {
              "name": "Label"
            },
            "position": {
              "height": 32,
              "width": 540,
              "x": 13,
              "y": 7.42
            },
            "propConfig": {
              "props.text": {
                "binding": {
                  "config": {
                    "expression": "concat(\"Summary Statistics for \",{view.params.device})"
                  },
                  "type": "expr"
                }
              }
            },
            "props": {
              "style": {
                "classes": "All_Text/Header_Text"
              }
            },
            "type": "ia.display.label"
          },
          {
            "meta": {
              "name": "Label_0"
            },
            "position": {
              "height": 32,
              "width": 213,
              "x": 18,
              "y": 87.42
            },
            "props": {
              "text": "Positive Real  Energy (kWh)"
            },
            "type": "ia.display.label"
          },
          {
            "meta": {
              "name": "Label_2"
            },
            "position": {
              "height": 32,
              "width": 150,
              "x": 18,
              "y": 154.4
            },
            "props": {
              "text": "Avg Power Factor"
            },
            "type": "ia.display.label"
          },
          {
            "meta": {
              "name": "Label_4"
            },
            "position": {
              "height": 32,
              "width": 211,
              "x": 256,
              "y": 46.31
            },
            "props": {
              "text": "During Displayed Time Range",
              "textStyle": {
                "classes": "All_Text/Input_Label_Text_small",
                "textAlign": "center"
              }
            },
            "type": "ia.display.label"
          },
          {
            "meta": {
              "name": "Button"
            },
            "position": {
              "height": 44,
              "width": 238,
              "x": 789,
              "y": 91.37130000000002
            },
            "props": {
              "text": "Calculate Motor Efficiency for Selected Time Range"
            },
            "type": "ia.input.button"
          },
          {
            "meta": {
              "name": "Label_5"
            },
            "position": {
              "height": 32,
              "width": 197,
              "x": 493.5,
              "y": 46.1794
            },
            "props": {
              "text": "During Selected Time Range",
              "textStyle": {
                "classes": "All_Text/Input_Label_Text_small",
                "textAlign": "center"
              }
            },
            "type": "ia.display.label"
          },
          {
            "meta": {
              "name": "Label_7"
            },
            "position": {
              "height": 31.99,
              "width": 133,
              "x": 514.5,
              "y": 87.2832
            },
            "propConfig": {
              "props.text": {
                "binding": {
                  "config": {
                    "expression": "round({/root.custom.EndEnergy}-{/root.custom.StartEnergy},1)"
                  },
                  "type": "expr"
                }
              }
            },
            "props": {
              "style": {
                "classes": "All_Text/Input_Label_Text_small",
                "color": "#000000",
                "fontWeight": "bold",
                "textAlign": "center"
              }
            },
            "type": "ia.display.label"
          },
          {
            "meta": {
              "name": "Label_8"
            },
            "position": {
              "height": 31.99,
              "width": 133,
              "x": 514,
              "y": 154.266
            },
            "propConfig": {
              "props.text": {
                "binding": {
                  "config": {
                    "expression": "Round(({/root.custom.EndNetEnergy}-{/root.custom.StartNetEnergy})/({/root.custom.EndNetApparentEnergy}-{/root.custom.StartNetApparentEnergy}),3)"
                  },
                  "type": "expr"
                }
              }
            },
            "props": {
              "style": {
                "classes": "All_Text/Input_Label_Text_small",
                "color": "#000000",
                "fontWeight": "bold",
                "textAlign": "center"
              }
            },
            "type": "ia.display.label"
          },
          {
            "meta": {
              "name": "Label_1"
            },
            "position": {
              "height": 25,
              "width": 215,
              "x": 253,
              "y": 65.745
            },
            "propConfig": {
              "props.text": {
                "binding": {
                  "config": {
                    "expression": "concat(dateFormat({.../PowerData/PowerChart.props.config.startDate},\"MMM d, yy h:mm:ss a\"), \"-\", dateFormat({.../PowerData/PowerChart.props.config.endDate},\"MMM d, yy h:mm:ss a\"))"
                  },
                  "type": "expr"
                }
              }
            },
            "props": {
              "style": {
                "classes": "All_Text/Input_Label_Tex_tiny"
              }
            },
            "type": "ia.display.label"
          },
          {
            "meta": {
              "name": "Label_9"
            },
            "position": {
              "height": 25,
              "width": 215,
              "x": 484.5,
              "y": 64.9044
            },
            "propConfig": {
              "props.text": {
                "binding": {
                  "config": {
                    "expression": "concat(dateFormat({.../PowerData/PowerChart.props.config.rangeStartDate},\"MMM d, yy h:mm:ss a\"), \"-\", dateFormat({.../PowerData/PowerChart.props.config.rangeEndDate},\"MMM d, yy h:mm:ss a\"))"
                  },
                  "type": "expr"
                }
              }
            },
            "props": {
              "style": {
                "classes": "All_Text/Input_Label_Tex_tiny"
              }
            },
            "type": "ia.display.label"
          },
          {
            "meta": {
              "name": "Label_10"
            },
            "position": {
              "height": 32,
              "width": 213,
              "x": 18,
              "y": 120.467
            },
            "props": {
              "text": "Net Real  Energy (kWh)"
            },
            "type": "ia.display.label"
          },
          {
            "meta": {
              "name": "Label_11"
            },
            "position": {
              "height": 31.99,
              "width": 133,
              "x": 514,
              "y": 120.327
            },
            "propConfig": {
              "props.text": {
                "binding": {
                  "config": {
                    "expression": "round({/root.custom.EndNetEnergy}-{/root.custom.StartNetEnergy},1)"
                  },
                  "type": "expr"
                }
              }
            },
            "props": {
              "style": {
                "classes": "All_Text/Input_Label_Text_small",
                "color": "#000000",
                "fontWeight": "bold",
                "textAlign": "center"
              }
            },
            "type": "ia.display.label"
          },
          {
            "meta": {
              "name": "Label_12"
            },
            "position": {
              "height": 31.99,
              "width": 133,
              "x": 266.5,
              "y": 91.34249999999997
            },
            "propConfig": {
              "props.text": {
                "binding": {
                  "config": {
                    "expression": "round({/root.custom.EndEnergyD}-{/root.custom.StartEnergyD},1)"
                  },
                  "type": "expr"
                }
              }
            },
            "props": {
              "style": {
                "classes": "All_Text/Input_Label_Text_small",
                "color": "#000000",
                "fontWeight": "bold",
                "textAlign": "center"
              }
            },
            "type": "ia.display.label"
          },
          {
            "meta": {
              "name": "Label_13"
            },
            "position": {
              "height": 31.99,
              "width": 133,
              "x": 267,
              "y": 120.236
            },
            "propConfig": {
              "props.text": {
                "binding": {
                  "config": {
                    "expression": "round({/root.custom.EndNetEnergyD}-{/root.custom.StartNetEnergyD},1)"
                  },
                  "type": "expr"
                }
              }
            },
            "props": {
              "style": {
                "classes": "All_Text/Input_Label_Text_small",
                "color": "#000000",
                "fontWeight": "bold",
                "textAlign": "center"
              }
            },
            "type": "ia.display.label"
          },
          {
            "meta": {
              "name": "Label_14"
            },
            "position": {
              "height": 31.99,
              "width": 133,
              "x": 266.5,
              "y": 153.317
            },
            "propConfig": {
              "props.text": {
                "binding": {
                  "config": {
                    "expression": "Round(({/root.custom.EndNetEnergyD}-{/root.custom.StartNetEnergyD})/({/root.custom.EndNetApparentEnergyD}-{/root.custom.StartNetApparentEnergyD}),3)"
                  },
                  "type": "expr"
                }
              }
            },
            "props": {
              "style": {
                "classes": "All_Text/Input_Label_Text_small",
                "color": "#000000",
                "fontWeight": "bold",
                "textAlign": "center"
              }
            },
            "type": "ia.display.label"
          }
        ],
        "meta": {
          "name": "CoordinateContainer"
        },
        "position": {
          "basis": "220px"
        },
        "type": "ia.container.coord"
      }
    ],
    "custom": {
      "EnergyPath": [
        {
          "aggregate": "LastValue",
          "alias": "Energy"
        }
      ],
      "NetApparentEnergyPath": [
        {
          "aggregate": "LastValue",
          "alias": "NetApparentEnergy"
        }
      ],
      "NetEnergyPath": [
        {
          "aggregate": "LastValue",
          "alias": "NetEnergy"
        }
      ]
    },
    "meta": {
      "name": "root"
    },
    "propConfig": {
      "custom.CompanyTagPath": {
        "binding": {
          "config": {
            "expression": "split({view.params.tagPath},\"/\")[0,0]"
          },
          "type": "expr"
        }
      },
      "custom.EndEnergy": {
        "binding": {
          "config": {
            "aggregate": "MinMax",
            "avoidScanClassValidation": true,
            "dateRange": {
              "endDate": "{./PowerData/PowerChart.props.config.rangeEndDate}",
              "startDate": "dateArithmetic({./PowerData/PowerChart.props.config.rangeEndDate}, -1, \u0027minute\u0027)"
            },
            "enableValueCache": true,
            "ignoreBadQuality": false,
            "preventInterpolation": false,
            "returnFormat": "Wide",
            "returnSize": {
              "numRows": "2",
              "type": "FIXED"
            },
            "tags": "{this.custom.EnergyPath}",
            "valueFormat": "DATASET"
          },
          "transforms": [
            {
              "expression": "{value}[1,1]",
              "type": "expression"
            }
          ],
          "type": "tag-history"
        }
      },
      "custom.EndEnergyD": {
        "binding": {
          "config": {
            "aggregate": "MinMax",
            "avoidScanClassValidation": true,
            "dateRange": {
              "endDate": "{./PowerData/PowerChart.props.config.endDate}",
              "startDate": "dateArithmetic({./PowerData/PowerChart.props.config.endDate}, -1, \u0027minute\u0027)"
            },
            "enableValueCache": true,
            "ignoreBadQuality": false,
            "preventInterpolation": false,
            "returnFormat": "Wide",
            "returnSize": {
              "numRows": "2",
              "type": "FIXED"
            },
            "tags": "{this.custom.EnergyPath}",
            "valueFormat": "DATASET"
          },
          "transforms": [
            {
              "expression": "{value}[1,1]",
              "type": "expression"
            }
          ],
          "type": "tag-history"
        }
      },
      "custom.EndNetApparentEnergy": {
        "binding": {
          "config": {
            "aggregate": "MinMax",
            "avoidScanClassValidation": true,
            "dateRange": {
              "endDate": "{./PowerData/PowerChart.props.config.rangeEndDate}",
              "startDate": "dateArithmetic({./PowerData/PowerChart.props.config.rangeEndDate}, -1, \u0027minute\u0027)"
            },
            "enableValueCache": true,
            "ignoreBadQuality": false,
            "preventInterpolation": false,
            "returnFormat": "Wide",
            "returnSize": {
              "numRows": "2",
              "type": "FIXED"
            },
            "tags": "{this.custom.NetApparentEnergyPath}",
            "valueFormat": "DATASET"
          },
          "transforms": [
            {
              "expression": "{value}[1,1]",
              "type": "expression"
            }
          ],
          "type": "tag-history"
        }
      },
      "custom.EndNetApparentEnergyD": {
        "binding": {
          "config": {
            "aggregate": "MinMax",
            "avoidScanClassValidation": true,
            "dateRange": {
              "endDate": "{./PowerData/PowerChart.props.config.endDate}",
              "startDate": "dateArithmetic({./PowerData/PowerChart.props.config.endDate}, -1, \u0027minute\u0027)"
            },
            "enableValueCache": true,
            "ignoreBadQuality": false,
            "preventInterpolation": false,
            "returnFormat": "Wide",
            "returnSize": {
              "numRows": "2",
              "type": "FIXED"
            },
            "tags": "{this.custom.NetApparentEnergyPath}",
            "valueFormat": "DATASET"
          },
          "transforms": [
            {
              "expression": "{value}[1,1]",
              "type": "expression"
            }
          ],
          "type": "tag-history"
        }
      },
      "custom.EndNetEnergy": {
        "binding": {
          "config": {
            "aggregate": "MinMax",
            "avoidScanClassValidation": true,
            "dateRange": {
              "endDate": "{./PowerData/PowerChart.props.config.rangeEndDate}",
              "startDate": "dateArithmetic({./PowerData/PowerChart.props.config.rangeEndDate}, -1, \u0027minute\u0027)"
            },
            "enableValueCache": true,
            "ignoreBadQuality": false,
            "preventInterpolation": false,
            "returnFormat": "Wide",
            "returnSize": {
              "numRows": "2",
              "type": "FIXED"
            },
            "tags": "{this.custom.NetEnergyPath}",
            "valueFormat": "DATASET"
          },
          "transforms": [
            {
              "expression": "{value}[1,1]",
              "type": "expression"
            }
          ],
          "type": "tag-history"
        }
      },
      "custom.EndNetEnergyD": {
        "binding": {
          "config": {
            "aggregate": "MinMax",
            "avoidScanClassValidation": true,
            "dateRange": {
              "endDate": "{./PowerData/PowerChart.props.config.endDate}",
              "startDate": "dateArithmetic({./PowerData/PowerChart.props.config.endDate}, -1, \u0027minute\u0027)"
            },
            "enableValueCache": true,
            "ignoreBadQuality": false,
            "preventInterpolation": false,
            "returnFormat": "Wide",
            "returnSize": {
              "numRows": "2",
              "type": "FIXED"
            },
            "tags": "{this.custom.NetEnergyPath}",
            "valueFormat": "DATASET"
          },
          "transforms": [
            {
              "expression": "{value}[1,1]",
              "type": "expression"
            }
          ],
          "type": "tag-history"
        }
      },
      "custom.EnergyPath[0].path": {
        "binding": {
          "config": {
            "expression": "{view.params.tagPath}+\"/Data/Totals/Energy/Total_PositiveEnergy\""
          },
          "type": "expr"
        }
      },
      "custom.NetApparentEnergyPath[0].path": {
        "binding": {
          "config": {
            "expression": "{view.params.tagPath}+\"/Data/Totals/Energy/Total_NetApparentEnergy\""
          },
          "type": "expr"
        }
      },
      "custom.NetEnergyPath[0].path": {
        "binding": {
          "config": {
            "expression": "{view.params.tagPath}+\"/Data/Totals/Energy/Total_NetEnergy\""
          },
          "type": "expr"
        }
      },
      "custom.NetEnergy[0].path": {
        "binding": {
          "config": {
            "expression": "{view.params.tagPath}+\"/Data/Totals/Energy/Total_NetEnergy\""
          },
          "type": "expr"
        }
      },
      "custom.StartEnergy": {
        "binding": {
          "config": {
            "aggregate": "MinMax",
            "avoidScanClassValidation": true,
            "dateRange": {
              "endDate": "{./PowerData/PowerChart.props.config.rangeStartDate}",
              "startDate": "dateArithmetic({./PowerData/PowerChart.props.config.rangeStartDate}, -1, \u0027minute\u0027)"
            },
            "enableValueCache": true,
            "ignoreBadQuality": false,
            "preventInterpolation": false,
            "returnFormat": "Wide",
            "returnSize": {
              "numRows": "2",
              "type": "FIXED"
            },
            "tags": "{this.custom.EnergyPath}",
            "valueFormat": "DATASET"
          },
          "transforms": [
            {
              "expression": "{value}[1,1]",
              "type": "expression"
            }
          ],
          "type": "tag-history"
        }
      },
      "custom.StartEnergyD": {
        "binding": {
          "config": {
            "aggregate": "MinMax",
            "avoidScanClassValidation": true,
            "dateRange": {
              "endDate": "{./PowerData/PowerChart.props.config.startDate}",
              "startDate": "dateArithmetic({./PowerData/PowerChart.props.config.startDate}, -1, \u0027minute\u0027)"
            },
            "enableValueCache": true,
            "ignoreBadQuality": false,
            "preventInterpolation": false,
            "returnFormat": "Wide",
            "returnSize": {
              "numRows": "2",
              "type": "FIXED"
            },
            "tags": "{this.custom.EnergyPath}",
            "valueFormat": "DATASET"
          },
          "transforms": [
            {
              "expression": "{value}[1,1]",
              "type": "expression"
            }
          ],
          "type": "tag-history"
        }
      },
      "custom.StartNetApparentEnergy": {
        "binding": {
          "config": {
            "aggregate": "MinMax",
            "avoidScanClassValidation": true,
            "dateRange": {
              "endDate": "{./PowerData/PowerChart.props.config.rangeStartDate}",
              "startDate": "dateArithmetic({./PowerData/PowerChart.props.config.rangeStartDate}, -1, \u0027minute\u0027)"
            },
            "enableValueCache": true,
            "ignoreBadQuality": false,
            "preventInterpolation": false,
            "returnFormat": "Wide",
            "returnSize": {
              "numRows": "2",
              "type": "FIXED"
            },
            "tags": "{this.custom.NetApparentEnergyPath}",
            "valueFormat": "DATASET"
          },
          "transforms": [
            {
              "expression": "{value}[1,1]",
              "type": "expression"
            }
          ],
          "type": "tag-history"
        }
      },
      "custom.StartNetApparentEnergyD": {
        "binding": {
          "config": {
            "aggregate": "MinMax",
            "avoidScanClassValidation": true,
            "dateRange": {
              "endDate": "{./PowerData/PowerChart.props.config.startDate}",
              "startDate": "dateArithmetic({./PowerData/PowerChart.props.config.startDate}, -1, \u0027minute\u0027)"
            },
            "enableValueCache": true,
            "ignoreBadQuality": false,
            "preventInterpolation": false,
            "returnFormat": "Wide",
            "returnSize": {
              "numRows": "2",
              "type": "FIXED"
            },
            "tags": "{this.custom.NetApparentEnergyPath}",
            "valueFormat": "DATASET"
          },
          "transforms": [
            {
              "expression": "{value}[1,1]",
              "type": "expression"
            }
          ],
          "type": "tag-history"
        }
      },
      "custom.StartNetEnergy": {
        "binding": {
          "config": {
            "aggregate": "MinMax",
            "avoidScanClassValidation": true,
            "dateRange": {
              "endDate": "{./PowerData/PowerChart.props.config.rangeStartDate}",
              "startDate": "dateArithmetic({./PowerData/PowerChart.props.config.rangeStartDate}, -1, \u0027minute\u0027)"
            },
            "enableValueCache": true,
            "ignoreBadQuality": false,
            "preventInterpolation": false,
            "returnFormat": "Wide",
            "returnSize": {
              "numRows": "2",
              "type": "FIXED"
            },
            "tags": "{this.custom.NetEnergyPath}",
            "valueFormat": "DATASET"
          },
          "transforms": [
            {
              "expression": "{value}[1,1]",
              "type": "expression"
            }
          ],
          "type": "tag-history"
        }
      },
      "custom.StartNetEnergyD": {
        "binding": {
          "config": {
            "aggregate": "MinMax",
            "avoidScanClassValidation": true,
            "dateRange": {
              "endDate": "{./PowerData/PowerChart.props.config.startDate}",
              "startDate": "dateArithmetic({./PowerData/PowerChart.props.config.startDate}, -1, \u0027minute\u0027)"
            },
            "enableValueCache": true,
            "ignoreBadQuality": false,
            "preventInterpolation": false,
            "returnFormat": "Wide",
            "returnSize": {
              "numRows": "2",
              "type": "FIXED"
            },
            "tags": "{this.custom.NetEnergyPath}",
            "valueFormat": "DATASET"
          },
          "transforms": [
            {
              "expression": "{value}[1,1]",
              "type": "expression"
            }
          ],
          "type": "tag-history"
        }
      }
    },
    "props": {
      "direction": "column",
      "style": {
        "classes": "Backgrounds/BackgroundBackground"
      }
    },
    "type": "ia.container.flex"
  }
}