{
  "custom": {
    "ShiftStartPath": {
      "Path": "value"
    },
    "key": "value"
  },
  "params": {
    "settings": {
      "ShiftRow": 0,
      "tagpath": "[ESN]Opto22"
    }
  },
  "propConfig": {
    "custom.ShiftStartPath": {
      "persistent": true
    },
    "custom.key": {
      "persistent": true
    },
    "params.settings": {
      "paramDirection": "inout",
      "persistent": true
    }
  },
  "props": {
    "defaultSize": {
      "height": 80,
      "width": 750
    }
  },
  "root": {
    "children": [
      {
        "meta": {
          "name": "Shift Label"
        },
        "position": {
          "basis": "60px",
          "grow": 1
        },
        "propConfig": {
          "props.text": {
            "binding": {
              "config": {
                "expression": "concat(\"Shift \",{view.params.settings.ShiftRow}+1)"
              },
              "type": "expr"
            }
          }
        },
        "props": {
          "style": {
            "fontFamily": "Verdana",
            "marginLeft": "20px"
          },
          "textStyle": {
            "textAlign": "center"
          }
        },
        "type": "ia.display.label"
      },
      {
        "children": [
          {
            "meta": {
              "name": "Hrs"
            },
            "position": {
              "height": 32,
              "rotate": {
                "anchor": "13% 50%"
              },
              "width": 35,
              "x": 22.5,
              "y": 33
            },
            "propConfig": {
              "props.value": {
                "binding": {
                  "config": {
                    "bidirectional": true,
                    "fallbackDelay": 2.5,
                    "mode": "indirect",
                    "references": {
                      "ShiftRow": "{view.params.settings.ShiftRow}",
                      "tagpath": "{view.params.settings.tagpath}"
                    },
                    "tagPath": "{tagpath}/Company/Shifts/ShiftDataSet[{ShiftRow},1]"
                  },
                  "type": "tag"
                }
              }
            },
            "props": {
              "format": "00"
            },
            "type": "ia.input.numeric-entry-field"
          },
          {
            "meta": {
              "name": "Label"
            },
            "position": {
              "height": 32,
              "width": 89,
              "x": 22,
              "y": 3
            },
            "props": {
              "text": "Start Time",
              "textStyle": {
                "classes": "All_Text/Input_Label_Text_small",
                "textAlign": "center"
              }
            },
            "type": "ia.display.label"
          },
          {
            "meta": {
              "name": "Label_0"
            },
            "position": {
              "height": 32,
              "width": 9,
              "x": 62.2,
              "y": 32
            },
            "props": {
              "text": ":",
              "textStyle": {
                "classes": "All_Text/Base_Text"
              }
            },
            "type": "ia.display.label"
          },
          {
            "meta": {
              "name": "Mins"
            },
            "position": {
              "height": 32,
              "rotate": {
                "anchor": "25% 50%"
              },
              "width": 38,
              "x": 73,
              "y": 33
            },
            "propConfig": {
              "props.value": {
                "binding": {
                  "config": {
                    "bidirectional": true,
                    "fallbackDelay": 2.5,
                    "mode": "indirect",
                    "references": {
                      "ShiftRow": "{view.params.settings.ShiftRow}",
                      "tagpath": "{view.params.settings.tagpath}"
                    },
                    "tagPath": "{tagpath}/Company/Shifts/ShiftDataSet[{ShiftRow},2]"
                  },
                  "type": "tag"
                }
              }
            },
            "props": {
              "align": "left",
              "format": "00"
            },
            "type": "ia.input.numeric-entry-field"
          }
        ],
        "meta": {
          "name": "StartTime"
        },
        "position": {
          "basis": "130px"
        },
        "type": "ia.container.coord"
      },
      {
        "children": [
          {
            "meta": {
              "name": "Hrs"
            },
            "position": {
              "height": 32,
              "rotate": {
                "anchor": "13% 50%"
              },
              "width": 35,
              "x": 22.5,
              "y": 33
            },
            "propConfig": {
              "props.value": {
                "binding": {
                  "config": {
                    "bidirectional": true,
                    "fallbackDelay": 2.5,
                    "mode": "indirect",
                    "references": {
                      "ShiftRow": "{view.params.settings.ShiftRow}",
                      "tagpath": "{view.params.settings.tagpath}"
                    },
                    "tagPath": "{tagpath}/Company/Shifts/ShiftDataSet[{ShiftRow},3]"
                  },
                  "type": "tag"
                }
              }
            },
            "props": {
              "format": "00"
            },
            "type": "ia.input.numeric-entry-field"
          },
          {
            "meta": {
              "name": "Label"
            },
            "position": {
              "height": 32,
              "width": 89,
              "x": 22,
              "y": 3
            },
            "props": {
              "text": "End Time",
              "textStyle": {
                "classes": "All_Text/Input_Label_Text_small",
                "textAlign": "center"
              }
            },
            "type": "ia.display.label"
          },
          {
            "meta": {
              "name": "Label_0"
            },
            "position": {
              "height": 32,
              "width": 9,
              "x": 62.2,
              "y": 32
            },
            "props": {
              "text": ":",
              "textStyle": {
                "classes": "All_Text/Base_Text"
              }
            },
            "type": "ia.display.label"
          },
          {
            "meta": {
              "name": "Mins"
            },
            "position": {
              "height": 32,
              "rotate": {
                "anchor": "25% 50%"
              },
              "width": 38,
              "x": 73,
              "y": 33
            },
            "propConfig": {
              "props.value": {
                "binding": {
                  "config": {
                    "bidirectional": true,
                    "fallbackDelay": 2.5,
                    "mode": "indirect",
                    "references": {
                      "ShiftRow": "{view.params.settings.ShiftRow}",
                      "tagpath": "{view.params.settings.tagpath}"
                    },
                    "tagPath": "{tagpath}/Company/Shifts/ShiftDataSet[{ShiftRow},4]"
                  },
                  "type": "tag"
                }
              }
            },
            "props": {
              "align": "left",
              "format": "00"
            },
            "type": "ia.input.numeric-entry-field"
          }
        ],
        "meta": {
          "name": "EndTime"
        },
        "position": {
          "basis": "130px"
        },
        "type": "ia.container.coord"
      },
      {
        "children": [
          {
            "meta": {
              "name": "Day Checkbox"
            },
            "position": {
              "basis": "50px",
              "grow": 1
            },
            "propConfig": {
              "props.selected": {
                "binding": {
                  "config": {
                    "bidirectional": true,
                    "fallbackDelay": 2.5,
                    "mode": "indirect",
                    "references": {
                      "ShiftRow": "{view.params.settings.ShiftRow}",
                      "tagpath": "{view.params.settings.tagpath}"
                    },
                    "tagPath": "{tagpath}/Company/Shifts/ShiftDataSet[{ShiftRow},6]"
                  },
                  "type": "tag"
                }
              }
            },
            "props": {
              "checkedIcon": {
                "color": {
                  "disabled": "#F4F4F4",
                  "enabled": "#D49E0F"
                },
                "style": {
                  "borderColor": "#000F5D"
                }
              },
              "style": {
                "borderColor": "#000F5D",
                "classes": "All_Text/Base_Text",
                "marginBottom": 10,
                "marginTop": 10
              },
              "text": "Sun",
              "textPosition": "top"
            },
            "type": "ia.input.checkbox"
          },
          {
            "meta": {
              "name": "Day Checkbox_0"
            },
            "position": {
              "basis": "50px",
              "grow": 1
            },
            "propConfig": {
              "props.selected": {
                "binding": {
                  "config": {
                    "bidirectional": true,
                    "fallbackDelay": 2.5,
                    "mode": "indirect",
                    "references": {
                      "ShiftRow": "{view.params.settings.ShiftRow}",
                      "tagpath": "{view.params.settings.tagpath}"
                    },
                    "tagPath": "{tagpath}/Company/Shifts/ShiftDataSet[{ShiftRow},7]"
                  },
                  "type": "tag"
                }
              }
            },
            "props": {
              "checkedIcon": {
                "color": {
                  "disabled": "#F4F4F4",
                  "enabled": "#D49E0F"
                },
                "style": {
                  "borderColor": "#000F5D"
                }
              },
              "style": {
                "borderColor": "#000F5D",
                "classes": "All_Text/Base_Text",
                "marginBottom": "10px",
                "marginTop": "10px"
              },
              "text": "Mon",
              "textPosition": "top"
            },
            "type": "ia.input.checkbox"
          },
          {
            "meta": {
              "name": "Day Checkbox_1"
            },
            "position": {
              "basis": "50px",
              "grow": 1
            },
            "propConfig": {
              "props.selected": {
                "binding": {
                  "config": {
                    "bidirectional": true,
                    "fallbackDelay": 2.5,
                    "mode": "indirect",
                    "references": {
                      "ShiftRow": "{view.params.settings.ShiftRow}",
                      "tagpath": "{view.params.settings.tagpath}"
                    },
                    "tagPath": "{tagpath}/Company/Shifts/ShiftDataSet[{ShiftRow},8]"
                  },
                  "type": "tag"
                }
              }
            },
            "props": {
              "checkedIcon": {
                "color": {
                  "disabled": "#F4F4F4",
                  "enabled": "#D49E0F"
                },
                "style": {
                  "borderColor": "#000F5D"
                }
              },
              "style": {
                "borderColor": "#000F5D",
                "classes": "All_Text/Base_Text",
                "marginBottom": "10px",
                "marginTop": "10px"
              },
              "text": "Tue",
              "textPosition": "top"
            },
            "type": "ia.input.checkbox"
          },
          {
            "meta": {
              "name": "Day Checkbox_2"
            },
            "position": {
              "basis": "50px",
              "grow": 1
            },
            "propConfig": {
              "props.selected": {
                "binding": {
                  "config": {
                    "bidirectional": true,
                    "fallbackDelay": 2.5,
                    "mode": "indirect",
                    "references": {
                      "ShiftRow": "{view.params.settings.ShiftRow}",
                      "tagpath": "{view.params.settings.tagpath}"
                    },
                    "tagPath": "{tagpath}/Company/Shifts/ShiftDataSet[{ShiftRow},9]"
                  },
                  "type": "tag"
                }
              }
            },
            "props": {
              "checkedIcon": {
                "color": {
                  "disabled": "#F4F4F4",
                  "enabled": "#D49E0F"
                },
                "style": {
                  "borderColor": "#000F5D"
                }
              },
              "style": {
                "borderColor": "#000F5D",
                "classes": "All_Text/Base_Text",
                "marginBottom": "10px",
                "marginTop": "10px"
              },
              "text": "Wed",
              "textPosition": "top"
            },
            "type": "ia.input.checkbox"
          },
          {
            "meta": {
              "name": "Day Checkbox_3"
            },
            "position": {
              "basis": "50px",
              "grow": 1
            },
            "propConfig": {
              "props.selected": {
                "binding": {
                  "config": {
                    "bidirectional": true,
                    "fallbackDelay": 2.5,
                    "mode": "indirect",
                    "references": {
                      "ShiftRow": "{view.params.settings.ShiftRow}",
                      "tagpath": "{view.params.settings.tagpath}"
                    },
                    "tagPath": "{tagpath}/Company/Shifts/ShiftDataSet[{ShiftRow},10]"
                  },
                  "type": "tag"
                }
              }
            },
            "props": {
              "checkedIcon": {
                "color": {
                  "disabled": "#F4F4F4",
                  "enabled": "#D49E0F"
                },
                "style": {
                  "borderColor": "#000F5D"
                }
              },
              "style": {
                "borderColor": "#000F5D",
                "classes": "All_Text/Base_Text",
                "marginBottom": "10px",
                "marginTop": "10px"
              },
              "text": "Thu",
              "textPosition": "top"
            },
            "type": "ia.input.checkbox"
          },
          {
            "meta": {
              "name": "Day Checkbox_4"
            },
            "position": {
              "basis": "50px",
              "grow": 1
            },
            "propConfig": {
              "props.selected": {
                "binding": {
                  "config": {
                    "bidirectional": true,
                    "fallbackDelay": 2.5,
                    "mode": "indirect",
                    "references": {
                      "ShiftRow": "{view.params.settings.ShiftRow}",
                      "tagpath": "{view.params.settings.tagpath}"
                    },
                    "tagPath": "{tagpath}/Company/Shifts/ShiftDataSet[{ShiftRow},11]"
                  },
                  "type": "tag"
                }
              }
            },
            "props": {
              "checkedIcon": {
                "color": {
                  "disabled": "#F4F4F4",
                  "enabled": "#D49E0F"
                },
                "style": {
                  "borderColor": "#000F5D"
                }
              },
              "style": {
                "borderColor": "#000F5D",
                "classes": "All_Text/Base_Text",
                "marginBottom": "10px",
                "marginTop": "10px"
              },
              "text": "Fri",
              "textPosition": "top"
            },
            "type": "ia.input.checkbox"
          },
          {
            "meta": {
              "name": "Day Checkbox_5"
            },
            "position": {
              "basis": "50px",
              "grow": 1
            },
            "propConfig": {
              "props.selected": {
                "binding": {
                  "config": {
                    "bidirectional": true,
                    "fallbackDelay": 2.5,
                    "mode": "indirect",
                    "references": {
                      "ShiftRow": "{view.params.settings.ShiftRow}",
                      "tagpath": "{view.params.settings.tagpath}"
                    },
                    "tagPath": "{tagpath}/Company/Shifts/ShiftDataSet[{ShiftRow},12]"
                  },
                  "type": "tag"
                }
              }
            },
            "props": {
              "checkedIcon": {
                "color": {
                  "disabled": "#F4F4F4",
                  "enabled": "#D49E0F"
                },
                "style": {
                  "borderColor": "#000F5D"
                }
              },
              "style": {
                "borderColor": "#000F5D",
                "classes": "All_Text/Base_Text",
                "marginBottom": "10px",
                "marginTop": "10px"
              },
              "text": "Sat",
              "textPosition": "top"
            },
            "type": "ia.input.checkbox"
          }
        ],
        "meta": {
          "name": "FlexContainer"
        },
        "position": {
          "basis": "250px",
          "grow": 1
        },
        "props": {
          "style": {
            "marginRight": 20
          }
        },
        "type": "ia.container.flex"
      },
      {
        "children": [
          {
            "meta": {
              "name": "Label"
            },
            "position": {
              "height": 32,
              "width": 58,
              "x": 18,
              "y": 3
            },
            "props": {
              "text": "Is Overnight?",
              "textStyle": {
                "classes": "All_Text/Input_Label_Text_small",
                "textAlign": "center"
              }
            },
            "type": "ia.display.label"
          },
          {
            "meta": {
              "name": "Checkbox"
            },
            "position": {
              "height": 36,
              "width": 37,
              "x": 31.5,
              "y": 35
            },
            "propConfig": {
              "props.selected": {
                "binding": {
                  "config": {
                    "bidirectional": true,
                    "fallbackDelay": 2.5,
                    "mode": "indirect",
                    "references": {
                      "ShiftRow": "{view.params.settings.ShiftRow}",
                      "tagpath": "{view.params.settings.tagpath}"
                    },
                    "tagPath": "{tagpath}/Company/Shifts/ShiftDataSet[{ShiftRow},5]"
                  },
                  "type": "tag"
                }
              }
            },
            "props": {
              "text": ""
            },
            "type": "ia.input.checkbox"
          }
        ],
        "meta": {
          "name": "IsOvernight"
        },
        "position": {
          "basis": "100px"
        },
        "type": "ia.container.coord"
      }
    ],
    "meta": {
      "name": "root"
    },
    "props": {
      "justify": "space-evenly"
    },
    "type": "ia.container.flex"
  }
}