{
  "custom": {
    "ViewSelected": "Power",
    "deviceType": "EMU",
    "fullPath": "[ESN]Administrator/EdgeNodes/EMK1-0001/Loads/Compressor2"
  },
  "params": {
    "device": "Compressor2",
    "node": "EMK1-0001",
    "typeId": "RIO-EMU-MQTT_v2"
  },
  "propConfig": {
    "custom.ViewSelected": {
      "persistent": true
    },
    "custom.deviceType": {
      "binding": {
        "config": {
          "path": "view.params.typeId"
        },
        "transforms": [
          {
            "code": "\t# This lookup will need to be improved as more UDTs get created\n\tif \u0027EMU\u0027 in value:\n\t\treturn \u0027EMU\u0027\n\tif \u0027KYZ\u0027 in value:\n\t\treturn \u0027KYZ\u0027\n\t\t\t\n\treturn \u0027not found\u0027",
            "type": "script"
          }
        ],
        "type": "property"
      },
      "persistent": true
    },
    "custom.fullPath": {
      "binding": {
        "config": {
          "struct": {
            "device": "{view.params.device}",
            "node": "{view.params.node}"
          },
          "waitOnAll": true
        },
        "transforms": [
          {
            "code": "\t\n\tfullPath \u003d self.session.custom.tagPrefix + \u0027/\u0027 + value.node + \u0027/Loads/\u0027 + value.device\n\treturn fullPath",
            "type": "script"
          }
        ],
        "type": "expr-struct"
      },
      "persistent": true
    },
    "params.device": {
      "paramDirection": "input",
      "persistent": true
    },
    "params.feature": {
      "paramDirection": "input"
    },
    "params.node": {
      "paramDirection": "input",
      "persistent": true
    },
    "params.tier1": {
      "paramDirection": "input"
    },
    "params.tier2": {
      "paramDirection": "input"
    },
    "params.typeId": {
      "paramDirection": "input",
      "persistent": true
    }
  },
  "props": {
    "defaultSize": {
      "height": 885,
      "width": 1100
    }
  },
  "root": {
    "children": [
      {
        "custom": {
          "EndTime": "value",
          "StartTime": "value"
        },
        "meta": {
          "name": "Title"
        },
        "position": {
          "basis": "56px",
          "shrink": 0
        },
        "propConfig": {
          "props.params.tagpath": {
            "binding": {
              "config": {
                "path": "view.custom.fullPath"
              },
              "type": "property"
            }
          },
          "props.params.text": {
            "binding": {
              "config": {
                "path": "view.custom.fullPath"
              },
              "transforms": [
                {
                  "code": "\treturn value.split(\"/\")[len(value.split(\"/\"))-1]",
                  "type": "script"
                }
              ],
              "type": "property"
            }
          }
        },
        "props": {
          "params": {
            "icon": "device_hub",
            "needssettingbutton": true
          },
          "path": "Page/Embedded/Title"
        },
        "type": "ia.display.view"
      },
      {
        "children": [
          {
            "meta": {
              "name": "Label"
            },
            "position": {
              "basis": "202px"
            },
            "props": {
              "text": "Date Range Selector",
              "textStyle": {
                "fontFamily": "Noto Sans",
                "fontSize": 18,
                "fontWeight": "bold",
                "marginBottom": 5,
                "marginLeft": 10,
                "marginRight": 10,
                "marginTop": 5
              }
            },
            "type": "ia.display.label"
          },
          {
            "meta": {
              "name": "Spacer1"
            },
            "position": {
              "basis": "250px"
            },
            "type": "ia.container.flex"
          },
          {
            "meta": {
              "name": "StartLbl"
            },
            "position": {
              "basis": "98px"
            },
            "props": {
              "key": "value",
              "style": {
                "fontWeight": "bold"
              },
              "text": "Start Date",
              "textStyle": {
                "classes": "All_Text/Input_Label_Text_small"
              }
            },
            "type": "ia.display.label"
          },
          {
            "meta": {
              "name": "StartDate",
              "tooltip": {
                "enabled": true,
                "text": "Start Date"
              }
            },
            "position": {
              "basis": "107px"
            },
            "propConfig": {
              "props.value": {
                "onChange": {
                  "enabled": null,
                  "script": "\tself.session.custom.start \u003d currentValue.value"
                }
              }
            },
            "props": {
              "format": "MM/DD/YY",
              "formattedValue": "09/01/24",
              "pickerType": "date",
              "placeholder": "Start Date",
              "value": {
                "$": [
                  "ts",
                  0,
                  1727792258048
                ],
                "$ts": 1725197957000
              }
            },
            "type": "ia.input.date-time-input"
          },
          {
            "meta": {
              "name": "Spacer2"
            },
            "position": {
              "basis": "120px"
            },
            "type": "ia.container.flex"
          },
          {
            "meta": {
              "name": "EndLbl"
            },
            "position": {
              "basis": "98px"
            },
            "props": {
              "style": {
                "fontWeight": "bold"
              },
              "text": "End Date",
              "textStyle": {
                "classes": "All_Text/Input_Label_Text_small"
              }
            },
            "type": "ia.display.label"
          },
          {
            "meta": {
              "name": "EndDate",
              "tooltip": {
                "enabled": true,
                "text": "End Date"
              }
            },
            "position": {
              "basis": "107px"
            },
            "propConfig": {
              "props.value": {
                "onChange": {
                  "enabled": null,
                  "script": "\tself.session.custom.end \u003d currentValue.value"
                }
              }
            },
            "props": {
              "format": "MM/DD/YY",
              "formattedValue": "09/07/24",
              "pickerType": "date",
              "placeholder": "End Date",
              "value": {
                "$": [
                  "ts",
                  0,
                  1727792260101
                ],
                "$ts": 1725716357000
              }
            },
            "type": "ia.input.date-time-input"
          }
        ],
        "meta": {
          "name": "DateRange"
        },
        "position": {
          "basis": "56px",
          "shrink": 0
        },
        "props": {
          "alignItems": "baseline"
        },
        "type": "ia.container.flex"
      },
      {
        "children": [
          {
            "meta": {
              "name": "Overview"
            },
            "propConfig": {
              "props.params.fullPath": {
                "binding": {
                  "config": {
                    "path": "view.custom.fullPath"
                  },
                  "type": "property"
                }
              },
              "props.path": {
                "binding": {
                  "config": {
                    "path": "view.custom.deviceType"
                  },
                  "transforms": [
                    {
                      "code": "\treturn \u0027Page/Energy/Overview_\u0027 + value",
                      "type": "script"
                    }
                  ],
                  "type": "property"
                }
              }
            },
            "props": {
              "useDefaultViewHeight": true,
              "useDefaultViewWidth": true
            },
            "type": "ia.display.view"
          },
          {
            "meta": {
              "name": "Energy Overview"
            },
            "position": {
              "tabIndex": 1
            },
            "propConfig": {
              "props.params.tagPath": {
                "binding": {
                  "config": {
                    "path": "view.custom.fullPath"
                  },
                  "type": "property"
                }
              }
            },
            "props": {
              "path": "Page/Energy/EnergyData_Overview",
              "useDefaultViewHeight": true,
              "useDefaultViewWidth": true
            },
            "type": "ia.display.view"
          },
          {
            "meta": {
              "name": "Power Overview"
            },
            "position": {
              "tabIndex": 2
            },
            "propConfig": {
              "props.params.tagPath": {
                "binding": {
                  "config": {
                    "path": "view.custom.fullPath"
                  },
                  "type": "property"
                }
              }
            },
            "props": {
              "path": "Page/Energy/PowerData_Overview",
              "useDefaultViewHeight": true,
              "useDefaultViewWidth": true
            },
            "type": "ia.display.view"
          },
          {
            "meta": {
              "name": "Power Quality"
            },
            "position": {
              "tabIndex": 3
            },
            "propConfig": {
              "props.params.tagPath": {
                "binding": {
                  "config": {
                    "path": "view.custom.fullPath"
                  },
                  "type": "property"
                }
              }
            },
            "props": {
              "path": "Page/Energy/PowerQualityDetails",
              "useDefaultViewHeight": true,
              "useDefaultViewWidth": true
            },
            "type": "ia.display.view"
          },
          {
            "meta": {
              "name": "Production"
            },
            "position": {
              "tabIndex": 4
            },
            "propConfig": {
              "props.params.tagPath": {
                "binding": {
                  "config": {
                    "path": "view.custom.fullPath"
                  },
                  "type": "property"
                }
              }
            },
            "props": {
              "path": "Page/Energy/ProductionData_Overview v4",
              "useDefaultViewHeight": true,
              "useDefaultViewWidth": true
            },
            "type": "ia.display.view"
          },
          {
            "meta": {
              "name": "StartupProfile"
            },
            "position": {
              "tabIndex": 5
            },
            "propConfig": {
              "props.params.tagPath": {
                "binding": {
                  "config": {
                    "path": "view.custom.fullPath"
                  },
                  "type": "property"
                }
              }
            },
            "props": {
              "path": "Page/Energy/Startup Profile"
            },
            "type": "ia.display.view"
          },
          {
            "meta": {
              "name": "MonthlyEnergy"
            },
            "position": {
              "tabIndex": 6
            },
            "propConfig": {
              "props.params.tagPath": {
                "binding": {
                  "config": {
                    "path": "view.custom.fullPath"
                  },
                  "type": "property"
                }
              }
            },
            "props": {
              "path": "Page/Energy/EnergyData_Overview_Month"
            },
            "type": "ia.display.view"
          }
        ],
        "meta": {
          "name": "TabContainer"
        },
        "position": {
          "basis": "300px",
          "display": false,
          "grow": 1
        },
        "propConfig": {
          "props.tabs": {
            "binding": {
              "config": {
                "path": "view.custom.deviceType"
              },
              "transforms": [
                {
                  "code": "\t#if self.session.custom.companyID \u003d\u003d \u0027Opto22\u0027:\n\t\t\n\tif value \u003d\u003d \"EMU\":\n\t\treturn [\"Overview\", \"Energy\", \"Power\", \"Power Quality\", \"Production\",\"Startup Power\", \"Monthly\"]\n\telse:\n\t\treturn [\"Overview\"]",
                  "type": "script"
                }
              ],
              "type": "property"
            }
          }
        },
        "props": {
          "menuType": "modern",
          "tabSize": {
            "height": 45,
            "width": 95
          },
          "tabStyle": {
            "active": {
              "fontSize": 16,
              "whiteSpace": "pre-line"
            },
            "inactive": {
              "fontSize": 16,
              "whiteSpace": "pre-line"
            }
          }
        },
        "type": "ia.container.tab"
      },
      {
        "children": [
          {
            "events": {
              "component": {
                "onActionPerformed": {
                  "config": {
                    "script": "\tself.view.custom.ViewSelected \u003d self.meta.name"
                  },
                  "scope": "G",
                  "type": "script"
                }
              }
            },
            "meta": {
              "name": "Overview"
            },
            "position": {
              "basis": "80px",
              "grow": 1
            },
            "props": {
              "style": {
                "classes": "Components/Button"
              },
              "text": "Overview"
            },
            "type": "ia.input.button"
          },
          {
            "events": {
              "component": {
                "onActionPerformed": {
                  "config": {
                    "script": "\tself.view.custom.ViewSelected \u003d self.meta.name"
                  },
                  "scope": "G",
                  "type": "script"
                }
              }
            },
            "meta": {
              "name": "Energy"
            },
            "position": {
              "basis": "80px",
              "grow": 1
            },
            "props": {
              "style": {
                "classes": "Components/Button"
              },
              "text": "Energy"
            },
            "type": "ia.input.button"
          },
          {
            "events": {
              "component": {
                "onActionPerformed": {
                  "config": {
                    "script": "\tself.view.custom.ViewSelected \u003d self.meta.name"
                  },
                  "scope": "G",
                  "type": "script"
                }
              }
            },
            "meta": {
              "name": "Power"
            },
            "position": {
              "basis": "80px",
              "grow": 1
            },
            "props": {
              "style": {
                "classes": "Components/Button"
              },
              "text": "Power"
            },
            "type": "ia.input.button"
          },
          {
            "events": {
              "component": {
                "onActionPerformed": {
                  "config": {
                    "script": "\tself.view.custom.ViewSelected \u003d self.meta.name"
                  },
                  "scope": "G",
                  "type": "script"
                }
              }
            },
            "meta": {
              "name": "PowerQuality"
            },
            "position": {
              "basis": "80px",
              "grow": 1
            },
            "props": {
              "style": {
                "classes": "Components/Button"
              },
              "text": "Power Quality"
            },
            "type": "ia.input.button"
          },
          {
            "events": {
              "component": {
                "onActionPerformed": {
                  "config": {
                    "script": "\tself.view.custom.ViewSelected \u003d self.meta.name"
                  },
                  "scope": "G",
                  "type": "script"
                }
              }
            },
            "meta": {
              "name": "Production"
            },
            "position": {
              "basis": "80px",
              "grow": 1
            },
            "props": {
              "style": {
                "classes": "Components/Button"
              },
              "text": "Production"
            },
            "type": "ia.input.button"
          },
          {
            "events": {
              "component": {
                "onActionPerformed": {
                  "config": {
                    "script": "\tself.view.custom.ViewSelected \u003d self.meta.name"
                  },
                  "scope": "G",
                  "type": "script"
                }
              }
            },
            "meta": {
              "name": "StartupPower"
            },
            "position": {
              "basis": "80px",
              "grow": 1
            },
            "props": {
              "style": {
                "classes": "Components/Button"
              },
              "text": "Startup Power"
            },
            "type": "ia.input.button"
          },
          {
            "events": {
              "component": {
                "onActionPerformed": {
                  "config": {
                    "script": "\tself.view.custom.ViewSelected \u003d self.meta.name"
                  },
                  "scope": "G",
                  "type": "script"
                }
              }
            },
            "meta": {
              "name": "Monthly"
            },
            "position": {
              "basis": "80px",
              "grow": 1
            },
            "props": {
              "style": {
                "classes": "Components/Button"
              },
              "text": "Monthly"
            },
            "type": "ia.input.button"
          }
        ],
        "meta": {
          "name": "NavButtons"
        },
        "position": {
          "basis": "56px"
        },
        "type": "ia.container.flex"
      },
      {
        "children": [
          {
            "meta": {
              "name": "Overview"
            },
            "position": {
              "grow": 1,
              "shrink": 0
            },
            "propConfig": {
              "position.display": {
                "binding": {
                  "config": {
                    "expression": "if({view.custom.ViewSelected} \u003d \u0027Overview\u0027, True, False)"
                  },
                  "type": "expr"
                }
              },
              "props.params.fullPath": {
                "binding": {
                  "config": {
                    "path": "view.custom.fullPath"
                  },
                  "type": "property"
                }
              },
              "props.path": {
                "binding": {
                  "config": {
                    "path": "view.custom.deviceType"
                  },
                  "transforms": [
                    {
                      "code": "\treturn \u0027Page/Energy/Overview_\u0027 + value",
                      "type": "script"
                    }
                  ],
                  "type": "property"
                }
              }
            },
            "props": {
              "style": {
                "overflow": "hidden"
              },
              "useDefaultViewHeight": true,
              "useDefaultViewWidth": true
            },
            "type": "ia.display.view"
          },
          {
            "meta": {
              "name": "Energy Overview"
            },
            "position": {
              "grow": 1,
              "shrink": 0
            },
            "propConfig": {
              "position.display": {
                "binding": {
                  "config": {
                    "expression": "if({view.custom.ViewSelected} \u003d \u0027Energy\u0027, True, False)"
                  },
                  "type": "expr"
                }
              },
              "props.params.tagPath": {
                "binding": {
                  "config": {
                    "path": "view.custom.fullPath"
                  },
                  "type": "property"
                }
              }
            },
            "props": {
              "path": "Page/Energy/EnergyData_Overview",
              "useDefaultViewHeight": true,
              "useDefaultViewWidth": true
            },
            "type": "ia.display.view"
          },
          {
            "meta": {
              "name": "Power Overview"
            },
            "position": {
              "grow": 1,
              "shrink": 0
            },
            "propConfig": {
              "position.display": {
                "binding": {
                  "config": {
                    "expression": "if({view.custom.ViewSelected} \u003d \u0027Power\u0027, True, False)"
                  },
                  "type": "expr"
                }
              },
              "props.params.tagPath": {
                "binding": {
                  "config": {
                    "path": "view.custom.fullPath"
                  },
                  "type": "property"
                }
              }
            },
            "props": {
              "path": "Page/Energy/PowerData_Overview",
              "useDefaultViewHeight": true,
              "useDefaultViewWidth": true
            },
            "type": "ia.display.view"
          },
          {
            "meta": {
              "name": "Power Quality"
            },
            "position": {
              "grow": 1,
              "shrink": 0
            },
            "propConfig": {
              "position.display": {
                "binding": {
                  "config": {
                    "expression": "if({view.custom.ViewSelected} \u003d \u0027PowerQuality\u0027, True, False)"
                  },
                  "type": "expr"
                }
              },
              "props.params.tagPath": {
                "binding": {
                  "config": {
                    "path": "view.custom.fullPath"
                  },
                  "type": "property"
                }
              }
            },
            "props": {
              "path": "Page/Energy/PowerQualityDetails",
              "useDefaultViewHeight": true,
              "useDefaultViewWidth": true
            },
            "type": "ia.display.view"
          },
          {
            "meta": {
              "name": "Production"
            },
            "position": {
              "grow": 1,
              "shrink": 0
            },
            "propConfig": {
              "position.display": {
                "binding": {
                  "config": {
                    "expression": "if({view.custom.ViewSelected} \u003d \u0027Production\u0027, True, False)"
                  },
                  "type": "expr"
                }
              },
              "props.params.tagPath": {
                "binding": {
                  "config": {
                    "path": "view.custom.fullPath"
                  },
                  "type": "property"
                }
              }
            },
            "props": {
              "path": "Page/Energy/ProductionData_Overview v4",
              "useDefaultViewHeight": true,
              "useDefaultViewWidth": true
            },
            "type": "ia.display.view"
          },
          {
            "meta": {
              "name": "StartupProfile"
            },
            "position": {
              "grow": 1,
              "shrink": 0
            },
            "propConfig": {
              "position.display": {
                "binding": {
                  "config": {
                    "expression": "if({view.custom.ViewSelected} \u003d \u0027StartupPower\u0027, True, False)"
                  },
                  "type": "expr"
                }
              },
              "props.params.tagPath": {
                "binding": {
                  "config": {
                    "path": "view.custom.fullPath"
                  },
                  "type": "property"
                }
              }
            },
            "props": {
              "path": "Page/Energy/Startup Profile"
            },
            "type": "ia.display.view"
          },
          {
            "meta": {
              "name": "MonthlyEnergy"
            },
            "position": {
              "grow": 1,
              "shrink": 0
            },
            "propConfig": {
              "position.display": {
                "binding": {
                  "config": {
                    "expression": "if({view.custom.ViewSelected} \u003d \u0027Monthly\u0027, True, False)"
                  },
                  "type": "expr"
                }
              },
              "props.params.tagPath": {
                "binding": {
                  "config": {
                    "path": "view.custom.fullPath"
                  },
                  "type": "property"
                }
              }
            },
            "props": {
              "path": "Page/Energy/EnergyData_Overview_Month"
            },
            "type": "ia.display.view"
          }
        ],
        "meta": {
          "name": "FlexContainer"
        },
        "position": {
          "basis": "200px",
          "grow": 1
        },
        "props": {
          "style": {
            "overflow": "hidden"
          }
        },
        "type": "ia.container.flex"
      }
    ],
    "meta": {
      "name": "root"
    },
    "props": {
      "direction": "column",
      "style": {
        "classes": "Page/Page"
      }
    },
    "type": "ia.container.flex"
  }
}