{
  "custom": {
    "weatherlocations": [
      {
        "code": "KEVV",
        "name": "Evansville Regional Airport"
      },
      {
        "code": "KIND",
        "name": "Indianapolis International Airport"
      },
      {
        "code": "KFWA",
        "name": "Fort Wayne International Airport"
      }
    ]
  },
  "params": {
    "tagpath": "[ESN]Opto22"
  },
  "propConfig": {
    "custom.weatherlocations": {
      "persistent": true
    },
    "params.tagpath": {
      "paramDirection": "input",
      "persistent": true
    }
  },
  "props": {
    "defaultSize": {
      "height": 50,
      "width": 767
    }
  },
  "root": {
    "children": [
      {
        "meta": {
          "name": "Label",
          "tooltip": {
            "enabled": true
          }
        },
        "position": {
          "height": 53,
          "rotate": {
            "anchor": "-52% 25%"
          },
          "width": 400,
          "x": 22,
          "y": -1
        },
        "props": {
          "text": "Put your nearest weather station ID here",
          "textStyle": {
            "classes": "All_Text/Base_Text"
          }
        },
        "type": "ia.display.label"
      },
      {
        "meta": {
          "name": "Dropdown_0"
        },
        "position": {
          "height": 32,
          "width": 294,
          "x": 357,
          "y": 9.5
        },
        "propConfig": {
          "props.options": {
            "binding": {
              "config": {
                "path": "view.custom.weatherlocations"
              },
              "transforms": [
                {
                  "code": "\toptions \u003d []\n\tfor item in value:\n\t\toptions.append({\n\t\t\"label\":item.name,\n\t\t\"value\":item.code\n\t\t})\n\treturn options",
                  "type": "script"
                }
              ],
              "type": "property"
            }
          }
        },
        "type": "ia.input.dropdown"
      }
    ],
    "meta": {
      "name": "root"
    },
    "position": {
      "x": 5.5,
      "y": -10
    },
    "props": {
      "style": {
        "overflow": "hidden"
      }
    },
    "type": "ia.container.coord"
  }
}