{
  "custom": {},
  "params": {
    "days": [
      true,
      true,
      true,
      true,
      true,
      true,
      true
    ]
  },
  "propConfig": {
    "params.days": {
      "paramDirection": "inout",
      "persistent": true
    },
    "params.days[0]": {
      "persistent": true
    },
    "params.days[1]": {
      "persistent": true
    },
    "params.days[2]": {
      "persistent": true
    },
    "params.days[3]": {
      "persistent": true
    },
    "params.days[4]": {
      "persistent": true
    },
    "params.days[5]": {
      "persistent": true
    },
    "params.days[6]": {
      "persistent": true
    }
  },
  "props": {
    "defaultSize": {
      "height": 80,
      "width": 294
    },
    "loading": {
      "mode": "blocking"
    }
  },
  "root": {
    "children": [
      {
        "meta": {
          "name": "FlexRepeater"
        },
        "position": {
          "basis": "352px"
        },
        "propConfig": {
          "props.instances[0].val": {
            "binding": {
              "config": {
                "bidirectional": true,
                "path": "view.params.days[0]"
              },
              "type": "property"
            }
          },
          "props.instances[1].val": {
            "binding": {
              "config": {
                "bidirectional": true,
                "path": "view.params.days[1]"
              },
              "type": "property"
            }
          },
          "props.instances[2].val": {
            "binding": {
              "config": {
                "bidirectional": true,
                "path": "view.params.days[2]"
              },
              "type": "property"
            }
          },
          "props.instances[3].val": {
            "binding": {
              "config": {
                "bidirectional": true,
                "path": "view.params.days[3]"
              },
              "type": "property"
            }
          },
          "props.instances[4].val": {
            "binding": {
              "config": {
                "bidirectional": true,
                "path": "view.params.days[4]"
              },
              "type": "property"
            }
          },
          "props.instances[5].val": {
            "binding": {
              "config": {
                "bidirectional": true,
                "path": "view.params.days[5]"
              },
              "type": "property"
            }
          },
          "props.instances[6].val": {
            "binding": {
              "config": {
                "bidirectional": true,
                "path": "view.params.days[6]"
              },
              "type": "property"
            }
          }
        },
        "props": {
          "instances": [
            {
              "path": "Sun"
            },
            {
              "path": "Mon"
            },
            {
              "path": "Tue"
            },
            {
              "path": "Wed"
            },
            {
              "path": "Thu"
            },
            {
              "path": "Fri"
            },
            {
              "path": "Sat"
            }
          ],
          "loading": {
            "order": "with-parent"
          },
          "path": "Page/Embedded/Day Checkbox"
        },
        "type": "ia.display.flex-repeater"
      }
    ],
    "meta": {
      "name": "root"
    },
    "props": {
      "style": {
        "backgroundColor": "#FFFFFF"
      }
    },
    "type": "ia.container.flex"
  }
}