{
  "custom": {},
  "params": {},
  "propConfig": {
    "params.feature": {
      "paramDirection": "input"
    },
    "params.key": {
      "paramDirection": "input"
    },
    "params.tier1": {
      "paramDirection": "input"
    },
    "params.tier2": {
      "paramDirection": "input"
    }
  },
  "props": {},
  "root": {
    "children": [
      {
        "meta": {
          "name": "Title"
        },
        "position": {
          "basis": "56px",
          "shrink": 0
        },
        "props": {
          "params": {
            "icon": "show_chart",
            "text": "Custom Graph"
          },
          "path": "Page/Embedded/Title"
        },
        "type": "ia.display.view"
      },
      {
        "meta": {
          "name": "PowerChart"
        },
        "position": {
          "basis": "600px",
          "grow": 1
        },
        "propConfig": {
          "props.config.tagBrowserStartPath": {
            "binding": {
              "config": {
                "path": "session.custom.companyID"
              },
              "transforms": [
                {
                  "code": "\thistProv \u003d value#.split(\"/\")[-1]\n\t#histProv \u003d \u0027Opto22\u0027\n\tret \u003d \"histprov:%s:/drv:ice-energyinsights-development:ESN:/tag:%s\" % (histProv, histProv)\n\treturn ret",
                  "type": "script"
                }
              ],
              "type": "property"
            }
          }
        },
        "props": {
          "config": {
            "measureOfTime": "minutes",
            "unitOfTime": 10,
            "visibility": {
              "showTagBrowser": true
            }
          },
          "interaction": {
            "chartZoomLevel": 1,
            "rangeZoomLevel": 1
          }
        },
        "type": "ia.chart.powerchart"
      }
    ],
    "meta": {
      "name": "root"
    },
    "props": {
      "direction": "column",
      "style": {
        "classes": "Page/Page"
      }
    },
    "type": "ia.container.flex"
  }
}