{
  "custom": {},
  "params": {
    "CompanyTagPath": "value"
  },
  "propConfig": {
    "params.CompanyTagPath": {
      "paramDirection": "input",
      "persistent": true
    }
  },
  "props": {
    "defaultSize": {
      "height": 452,
      "width": 275
    }
  },
  "root": {
    "children": [
      {
        "children": [
          {
            "children": [
              {
                "meta": {
                  "name": "Billing Cycle Label"
                },
                "position": {
                  "basis": "285px"
                },
                "props": {
                  "style": {
                    "classes": "All_Text/Base_Text",
                    "fontWeight": "bold",
                    "marginLeft": "15px",
                    "marginTop": "5px"
                  },
                  "text": "Billing Cycle"
                },
                "type": "ia.display.label"
              },
              {
                "meta": {
                  "name": "Start Date Label"
                },
                "position": {
                  "basis": "285px"
                },
                "props": {
                  "style": {
                    "classes": "All_Text/Base_Text",
                    "fontSize": "12px",
                    "fontWeight": "normal",
                    "marginLeft": "15px"
                  },
                  "text": "Start Date"
                },
                "type": "ia.display.label"
              },
              {
                "meta": {
                  "name": "BillingCycleStart"
                },
                "position": {
                  "basis": "170px"
                },
                "propConfig": {
                  "props.value": {
                    "binding": {
                      "config": {
                        "bidirectional": true,
                        "path": "session.custom.monthly-peak-settings.start-time"
                      },
                      "type": "property"
                    }
                  }
                },
                "props": {
                  "format": "ll",
                  "formattedValue": null,
                  "inputProps": {
                    "style": {
                      "backgroundColor": "#FFFFFF",
                      "borderBottomLeftRadius": "5px",
                      "borderBottomRightRadius": "5px",
                      "borderColor": "#D4D4D4",
                      "borderStyle": "solid",
                      "borderTopLeftRadius": "5px",
                      "borderTopRightRadius": "5px",
                      "borderWidth": "2px",
                      "fontFamily": "Verdana"
                    }
                  },
                  "pickerType": "date",
                  "style": {
                    "classes": "All_Text/Base_Text",
                    "marginBottom": "15px",
                    "marginLeft": "15px",
                    "marginRight": "5px"
                  }
                },
                "type": "ia.input.date-time-input"
              }
            ],
            "meta": {
              "name": "Billing Cycle Container"
            },
            "position": {
              "basis": "70px",
              "grow": 1
            },
            "props": {
              "style": {
                "borderStyle": "none",
                "marginTop": "5px",
                "overflow": "hidden"
              },
              "wrap": "wrap"
            },
            "type": "ia.container.flex"
          },
          {
            "children": [
              {
                "meta": {
                  "name": "Refrence Cycle Label"
                },
                "position": {
                  "basis": "285px"
                },
                "props": {
                  "style": {
                    "classes": "All_Text/Base_Text",
                    "fontWeight": "bold",
                    "marginLeft": "15px"
                  },
                  "text": "Refrence Cycle"
                },
                "type": "ia.display.label"
              },
              {
                "meta": {
                  "name": "Start Date Label"
                },
                "position": {
                  "basis": "285px"
                },
                "props": {
                  "style": {
                    "classes": "All_Text/Base_Text",
                    "fontSize": "12px",
                    "fontWeight": "normal",
                    "marginLeft": "15px"
                  },
                  "text": "Start Date"
                },
                "type": "ia.display.label"
              },
              {
                "meta": {
                  "name": "RefrenceCycleStart"
                },
                "position": {
                  "basis": "170px"
                },
                "propConfig": {
                  "props.value": {
                    "binding": {
                      "config": {
                        "bidirectional": true,
                        "path": "session.custom.monthly-peak-settings.ref-time"
                      },
                      "type": "property"
                    }
                  }
                },
                "props": {
                  "format": "ll",
                  "formattedValue": null,
                  "inputProps": {
                    "style": {
                      "backgroundColor": "#FFFFFF",
                      "borderBottomLeftRadius": "5px",
                      "borderBottomRightRadius": "5px",
                      "borderColor": "#D4D4D4",
                      "borderStyle": "solid",
                      "borderTopLeftRadius": "5px",
                      "borderTopRightRadius": "5px",
                      "borderWidth": "2px",
                      "fontFamily": "Verdana"
                    }
                  },
                  "pickerType": "date",
                  "style": {
                    "classes": "All_Text/Base_Text",
                    "marginBottom": "15px",
                    "marginLeft": "15px",
                    "marginRight": "5px"
                  }
                },
                "type": "ia.input.date-time-input"
              }
            ],
            "meta": {
              "name": "Refrence Cycle Container"
            },
            "position": {
              "basis": "70px",
              "grow": 1
            },
            "props": {
              "style": {
                "borderStyle": "none",
                "overflow": "hidden"
              },
              "wrap": "wrap"
            },
            "type": "ia.container.flex"
          },
          {
            "children": [
              {
                "meta": {
                  "name": "Expected Peak Label"
                },
                "position": {
                  "basis": "285px"
                },
                "props": {
                  "style": {
                    "classes": "All_Text/Base_Text",
                    "fontWeight": "bold",
                    "marginLeft": "15px"
                  },
                  "text": "Expected Monthly Peak"
                },
                "type": "ia.display.label"
              },
              {
                "meta": {
                  "name": "Expected Peak Input"
                },
                "position": {
                  "basis": "80px"
                },
                "propConfig": {
                  "props.value": {
                    "binding": {
                      "config": {
                        "bidirectional": true,
                        "path": "session.custom.monthly-peak-settings.expected-peak-watts"
                      },
                      "type": "property"
                    }
                  }
                },
                "props": {
                  "format": "0.0a",
                  "spinner": {
                    "enabled": false
                  },
                  "style": {
                    "classes": "Backgrounds/inputboxes"
                  }
                },
                "type": "ia.input.numeric-entry-field"
              },
              {
                "meta": {
                  "name": "W Label"
                },
                "position": {
                  "basis": "20px"
                },
                "props": {
                  "style": {
                    "classes": "All_Text/Base_Text",
                    "fontWeight": "normal",
                    "marginLeft": "5px"
                  },
                  "text": "W"
                },
                "type": "ia.display.label"
              }
            ],
            "meta": {
              "name": "Expected Peak Container"
            },
            "position": {
              "basis": "55px",
              "grow": 1
            },
            "props": {
              "style": {
                "borderStyle": "none",
                "marginBottom": "10px",
                "overflow": "hidden"
              },
              "wrap": "wrap"
            },
            "type": "ia.container.flex"
          },
          {
            "children": [
              {
                "meta": {
                  "name": "High Power Label"
                },
                "position": {
                  "basis": "285px"
                },
                "props": {
                  "style": {
                    "classes": "All_Text/Base_Text",
                    "fontWeight": "bold",
                    "marginLeft": "15px"
                  },
                  "text": "High Power Threshold"
                },
                "type": "ia.display.label"
              },
              {
                "meta": {
                  "name": "High Power Input"
                },
                "position": {
                  "basis": "80px"
                },
                "propConfig": {
                  "props.value": {
                    "binding": {
                      "config": {
                        "bidirectional": true,
                        "path": "session.custom.monthly-peak-settings.power-limit-watts"
                      },
                      "type": "property"
                    }
                  }
                },
                "props": {
                  "format": "0.0a",
                  "spinner": {
                    "enabled": false
                  },
                  "style": {
                    "classes": "Backgrounds/inputboxes"
                  }
                },
                "type": "ia.input.numeric-entry-field"
              },
              {
                "meta": {
                  "name": "W Label"
                },
                "position": {
                  "basis": "20px"
                },
                "props": {
                  "style": {
                    "classes": "All_Text/Base_Text",
                    "fontWeight": "normal",
                    "marginLeft": "5px"
                  },
                  "text": "W"
                },
                "type": "ia.display.label"
              }
            ],
            "meta": {
              "name": "High Power Container"
            },
            "position": {
              "basis": "55px",
              "grow": 1
            },
            "props": {
              "style": {
                "borderStyle": "none",
                "marginBottom": "5px"
              },
              "wrap": "wrap"
            },
            "type": "ia.container.flex"
          },
          {
            "children": [
              {
                "meta": {
                  "name": "Power Factor Label"
                },
                "position": {
                  "basis": "285px"
                },
                "props": {
                  "style": {
                    "classes": "All_Text/Base_Text",
                    "fontWeight": "bold",
                    "marginLeft": "15px"
                  },
                  "text": "Power Factor Threshold"
                },
                "type": "ia.display.label"
              },
              {
                "meta": {
                  "name": "Power Factor Threshold Input"
                },
                "position": {
                  "basis": "80px"
                },
                "propConfig": {
                  "props.value": {
                    "binding": {
                      "config": {
                        "bidirectional": true,
                        "path": "session.custom.monthly-peak-settings.power-factor-limit"
                      },
                      "type": "property"
                    }
                  }
                },
                "props": {
                  "spinner": {
                    "enabled": false
                  },
                  "style": {
                    "classes": "Backgrounds/inputboxes"
                  }
                },
                "type": "ia.input.numeric-entry-field"
              }
            ],
            "meta": {
              "name": "Power Factor Container"
            },
            "position": {
              "basis": "55px",
              "grow": 1
            },
            "props": {
              "style": {
                "borderStyle": "none",
                "marginBottom": "10px",
                "overflow": "hidden"
              },
              "wrap": "wrap"
            },
            "type": "ia.container.flex"
          }
        ],
        "meta": {
          "name": "Inputs Container"
        },
        "position": {
          "basis": "387px"
        },
        "props": {
          "direction": "column",
          "style": {
            "backgroundColor": "#FFFFFF"
          }
        },
        "type": "ia.container.flex"
      },
      {
        "events": {
          "component": {
            "onActionPerformed": {
              "config": {
                "script": "\tsystem.perspective.closePopup(\u002735SPkugW\u0027)"
              },
              "scope": "G",
              "type": "script"
            }
          }
        },
        "meta": {
          "name": "Button"
        },
        "position": {
          "basis": "40px"
        },
        "props": {
          "style": {
            "backgroundColor": "#D4D4D4",
            "borderBottomLeftRadius": "5px",
            "borderBottomRightRadius": "5px",
            "borderStyle": "none",
            "borderTopLeftRadius": "5px",
            "borderTopRightRadius": "5px",
            "classes": "All_Text/Base_Text",
            "marginLeft": "70px",
            "marginRight": "70px",
            "marginTop": "10px"
          },
          "text": "Done"
        },
        "type": "ia.input.button"
      }
    ],
    "meta": {
      "name": "root"
    },
    "props": {
      "direction": "column",
      "style": {
        "backgroundColor": "#FFFFFF"
      }
    },
    "type": "ia.container.flex"
  }
}