{
  "custom": {
    "Loads": [
      {
        "fullPath": "[MQTT Engine]Edge Nodes/BlueRidge/Groov1/Energy/Loads/Servo1",
        "typeId": "RIO EMU UDTs/RIO-EMU-OPC_v2"
      }
    ],
    "Node Info": [
      {
        "Energy": {
          "Device Info": {
            "Birth Count": 3,
            "Data Message Count": 913,
            "Death Count": 0,
            "Last Command Size": 0,
            "Last Data Message Size": 2535,
            "Offline DateTime": 1717012372435,
            "Online": true,
            "Online DateTime": 1717012383625,
            "Reset Info": false
          },
          "Gateway": {
            "GroovBlue": {
              "Cirrus Link Modules": {
                "MQTT Distributor Clients": 2,
                "MQTT Engine Node Count": 1,
                "MQTT Engine Version": "4.0.14 (b2022121422)",
                "MQTT Transmission Version": "4.0.8 (b2021071520)"
              },
              "Edge Device Data": {
                "CPU Usage": 13.569397,
                "Memory Utilization": 70.011566,
                "Name": "Ignition-groovblu",
                "Timezone": "Universal",
                "UptimeSeconds": 19295
              }
            }
          },
          "Loads": {
            "Servo1": {
              "EMUData": {
                "PhaseA": {
                  "Energy": {
                    "PhA_ApparentEnergy_kVAh": 0.003496,
                    "PhA_NegativeEnergy_kWh": 0,
                    "PhA_NetEnergy_kWh": 0,
                    "PhA_NetReactiveEnergy_kVArh": 0.003317,
                    "PhA_PositiveEnergy_kWh": 0
                  },
                  "Power": {
                    "PhA_ApparentPower_VA": 6.3021984,
                    "PhA_AvgReactivePower_VAr": 1.3848147,
                    "PhA_Current_Arms": 0.046424076,
                    "PhA_Frequency_Hz": 59.944153,
                    "PhA_HarmonicTruePower_W": -0.0029802322,
                    "PhA_PeakCurrent_A": 0.17201114,
                    "PhA_PeakVoltage_V": -174.43695,
                    "PhA_PowerFactor": -0.25,
                    "PhA_ReactivePowerFF_VAr": 1.3868017,
                    "PhA_ReactivePower_VAr": 6.0598063,
                    "PhA_TruePowerFF_W": -1.5854838,
                    "PhA_TruePower_W": -1.5884639,
                    "PhA_Voltage_Vrms": 123.55178
                  }
                },
                "PhaseB": {
                  "Energy": {
                    "PhB_ApparentEnergy_kVAh": 0.004063,
                    "PhB_NegativeEnergy_kWh": 0,
                    "PhB_NetEnergy_kWh": 0.0001,
                    "PhB_NetReactiveEnergy_kVArh": 0.004061,
                    "PhB_PositiveEnergy_kWh": 0.0001
                  },
                  "Power": {
                    "PhB_ApparentPower_VA": 5.7240334,
                    "PhB_AvgReactivePower_VAr": 2.5490923,
                    "PhB_Current_Arms": 0.04703999,
                    "PhB_Frequency_Hz": 59.944153,
                    "PhB_HarmonicTruePower_W": -0.0009934306,
                    "PhB_PeakCurrent_A": -0.14170015,
                    "PhB_PeakVoltage_V": 173.43398,
                    "PhB_PowerFactor": 0.019824505,
                    "PhB_ReactivePowerFF_VAr": 2.5232637,
                    "PhB_ReactivePower_VAr": 5.721053,
                    "PhB_TruePowerFF_W": 0.17881393,
                    "PhB_TruePower_W": 0.12218952,
                    "PhB_Voltage_Vrms": 123.54019
                  }
                },
                "PhaseC": {
                  "Energy": {
                    "PhC_ApparentEnergy_kVAh": 0.057663,
                    "PhC_NegativeEnergy_kWh": 0,
                    "PhC_NetEnergy_kWh": 0.027523,
                    "PhC_NetReactiveEnergy_kVArh": 0.050669,
                    "PhC_PositiveEnergy_kWh": 0.027523
                  },
                  "Power": {
                    "PhC_ApparentPower_VA": 85.651886,
                    "PhC_AvgReactivePower_VAr": -12.179216,
                    "PhC_Current_Arms": 0.68903375,
                    "PhC_Frequency_Hz": 59.999943,
                    "PhC_HarmonicTruePower_W": -0.21060312,
                    "PhC_PeakCurrent_A": 2.6144588,
                    "PhC_PeakVoltage_V": -173.31651,
                    "PhC_PowerFactor": 0.47934222,
                    "PhC_ReactivePowerFF_VAr": -12.234849,
                    "PhC_ReactivePower_VAr": 75.25981,
                    "PhC_TruePowerFF_W": 41.19079,
                    "PhC_TruePower_W": 40.916607,
                    "PhC_Voltage_Vrms": 123.71772
                  }
                },
                "Totals": {
                  "Energy": {
                    "Intervals": {
                      "Total_kWh_15min_marker": 0.065032,
                      "Total_kWh_Current_15min_Interval": 0.030782998,
                      "Total_kWh_Timer": 1
                    },
                    "Total_NegativeEnergy_kWh": 0,
                    "Total_NetApparentEnergy_kWh": 0.065032,
                    "Total_NetEnergy_kWh": 0.027532,
                    "Total_NetReactiveEnergy_kVArh": 0.057881,
                    "Total_PositiveEnergy_kWh": 0.027532,
                    "Total_UnsignedEnergy_kWh": 0.028627
                  },
                  "Power": {
                    "Intervals": {
                      "Total_VA_15min_Demand": 98.10727,
                      "Total_VA_15min_Marker": 99.28943,
                      "Total_VA_Timer": 1
                    },
                    "Total_ApparentPower_VA": 97.76553,
                    "Total_PowerFactor": 0.07391465,
                    "Total_ReactivePower_VAr": 87.154915,
                    "Total_TruePower_W": 39.454308
                  }
                }
              },
              "EMUProperties": {
                "Firmware Version": "R3.5a",
                "Hardware Part Number": "GRV-R7-I1VAPM-3; 04/13/2020"
              }
            }
          }
        },
        "Node Control": {
          "Next Server": false,
          "Rebirth": false,
          "Reboot": false
        },
        "Node Info": {
          "Birth Count": 3,
          "Current Server": "Chariot SCADA",
          "Data Latency": 36,
          "Death Count": 4,
          "Message Schema": "Sparkplug B v1.0",
          "Offline DateTime": 1717012372436,
          "Online": true,
          "Online DateTime": 1717012383617,
          "Reset Info": false,
          "Total Bytes Recvd": 1491013,
          "Total Bytes Xmit": 0,
          "Transmission Version": "4.0.8 (b2021071520)",
          "bdSeq": 4,
          "seq": 2
        }
      }
    ],
    "Online": true,
    "isCollapsed": false,
    "mqttPath": "[MQTT Engine]Edge Nodes/BlueRidge/Groov1"
  },
  "params": {
    "fullPath": "[ESN]BlueRidge/EdgeNodes/Groov1"
  },
  "propConfig": {
    "custom.Loads": {
      "binding": {
        "config": {
          "path": "view.custom.mqttPath"
        },
        "transforms": [
          {
            "code": "\n\tresults \u003d system.tag.browse(value + \"/Energy/Loads\")\n\n\tfinal \u003d []\n\tfor d in results:\n\t\tpath \u003d str(d[\u0027fullPath\u0027])#.replace(\"/Energy/\",\"/\")\n\t\tdevice \u003d {\"fullPath\":path,\"typeId\":d[\u0027typeId\u0027]}\n\t\tfinal.append(device)\n\treturn final",
            "type": "script"
          }
        ],
        "type": "property"
      },
      "persistent": true
    },
    "custom.Online": {
      "binding": {
        "config": {
          "fallbackDelay": 2.5,
          "mode": "indirect",
          "references": {
            "fullPath": "{view.custom.mqttPath}"
          },
          "tagPath": "{fullPath}/Node Info/Online"
        },
        "type": "tag"
      },
      "persistent": true
    },
    "custom.isCollapsed": {
      "persistent": true
    },
    "custom.mqttPath": {
      "binding": {
        "config": {
          "path": "view.params.fullPath"
        },
        "transforms": [
          {
            "code": "\tcompany \u003d self.session.custom.companyID\n\tedgeNode \u003d value.split(\"/\")[len(value.split(\"/\"))-1]\n\tmqttPath \u003d \"[MQTT Engine]Edge Nodes/\" + company + \"/\" + edgeNode\n\treturn mqttPath",
            "type": "script"
          }
        ],
        "type": "property"
      },
      "persistent": true
    },
    "custom[\u0027Node Info\u0027]": {
      "binding": {
        "config": {
          "path": "view.custom.mqttPath"
        },
        "transforms": [
          {
            "code": "\treturn system.tag.readBlocking(value + \".jsonValues\")",
            "type": "script"
          }
        ],
        "type": "property"
      }
    },
    "params.fullPath": {
      "paramDirection": "input",
      "persistent": true
    }
  },
  "props": {
    "defaultSize": {
      "height": "auto",
      "width": 804
    },
    "dropConfig": {
      "udts": [
        {
          "action": "path",
          "param": "path",
          "type": "Energy Monitoring UDTs/RIO-EMU-MQTT_v2"
        }
      ]
    }
  },
  "root": {
    "children": [
      {
        "children": [
          {
            "events": {
              "dom": {
                "onClick": {
                  "config": {
                    "draggable": false,
                    "id": "nodeInfoPopup",
                    "modal": true,
                    "overlayDismiss": false,
                    "resizable": false,
                    "showCloseIcon": false,
                    "type": "open",
                    "viewParams": {
                      "fullPath": "{view.params.fullPath}"
                    },
                    "viewPath": "Popups/NodeInfo",
                    "viewportBound": false
                  },
                  "scope": "C",
                  "type": "popup"
                }
              }
            },
            "meta": {
              "name": "btnInfo",
              "tooltip": {
                "enabled": true,
                "text": "Node Info"
              }
            },
            "position": {
              "basis": "60px"
            },
            "props": {
              "image": {
                "icon": {
                  "path": "material/info"
                }
              },
              "primary": false,
              "style": {
                "backgroundColor": "#FFFFFF00",
                "borderStyle": "none",
                "color": "2B2B2B",
                "margin": 5
              },
              "text": ""
            },
            "type": "ia.input.button"
          },
          {
            "meta": {
              "name": "label"
            },
            "position": {
              "basis": "683px",
              "grow": 1
            },
            "propConfig": {
              "props.text": {
                "binding": {
                  "config": {
                    "path": "view.params.fullPath"
                  },
                  "transforms": [
                    {
                      "code": "\tpath \u003d value.split(\u0027/\u0027)\n\treturn path[len(path)-1]",
                      "type": "script"
                    }
                  ],
                  "type": "property"
                }
              }
            },
            "props": {
              "style": {
                "color": "2B2B2B",
                "fontSize": 18,
                "fontWeight": "bold",
                "textAlign": "center"
              }
            },
            "type": "ia.display.label"
          },
          {
            "events": {
              "dom": {
                "onClick": {
                  "config": {
                    "script": "\tself.view.custom.isCollapsed \u003d not(self.view.custom.isCollapsed)"
                  },
                  "scope": "G",
                  "type": "script"
                }
              }
            },
            "meta": {
              "name": "btnCollapse",
              "tooltip": {
                "text": "Collapse"
              }
            },
            "position": {
              "basis": "60px"
            },
            "propConfig": {
              "props.image.icon.path": {
                "binding": {
                  "config": {
                    "path": "view.custom.isCollapsed"
                  },
                  "transforms": [
                    {
                      "fallback": null,
                      "inputType": "scalar",
                      "mappings": [
                        {
                          "input": true,
                          "output": "material/keyboard_arrow_up"
                        },
                        {
                          "input": false,
                          "output": "material/keyboard_arrow_down"
                        }
                      ],
                      "outputType": "scalar",
                      "type": "map"
                    }
                  ],
                  "type": "property"
                }
              }
            },
            "props": {
              "image": {
                "icon": {}
              },
              "primary": false,
              "style": {
                "backgroundColor": "#FFFFFF00",
                "borderStyle": "none",
                "color": "2B2B2B",
                "margin": 5
              },
              "text": ""
            },
            "type": "ia.input.button"
          }
        ],
        "meta": {
          "name": "Header"
        },
        "position": {
          "basis": "50px",
          "shrink": 0
        },
        "propConfig": {
          "props.style.backgroundColor": {
            "binding": {
              "config": {
                "path": "view.custom.Online"
              },
              "transforms": [
                {
                  "fallback": "#D1EC0E",
                  "inputType": "scalar",
                  "mappings": [
                    {
                      "input": true,
                      "output": "#04D182"
                    },
                    {
                      "input": false,
                      "output": "#FF6B72"
                    }
                  ],
                  "outputType": "scalar",
                  "type": "map"
                }
              ],
              "type": "property"
            }
          }
        },
        "props": {
          "style": {
            "boxShadow": "0px 2px 4px #808080"
          }
        },
        "type": "ia.container.flex"
      },
      {
        "children": [
          {
            "meta": {
              "name": "lblOnline"
            },
            "position": {
              "basis": "50px"
            },
            "propConfig": {
              "position.display": {
                "binding": {
                  "config": {
                    "path": "view.custom.Online"
                  },
                  "type": "property"
                }
              },
              "props.text": {
                "binding": {
                  "config": {
                    "fallbackDelay": 2.5,
                    "mode": "indirect",
                    "references": {
                      "fullPath": "{view.params.fullPath}\t"
                    },
                    "tagPath": "{fullPath}/Node Info/Online DateTime"
                  },
                  "transforms": [
                    {
                      "code": "\treturn \"Online Since: \" + str(value)",
                      "type": "script"
                    }
                  ],
                  "type": "tag"
                }
              }
            },
            "props": {
              "style": {
                "overflow": "visible"
              }
            },
            "type": "ia.display.label"
          },
          {
            "meta": {
              "name": "lblOffline"
            },
            "position": {
              "basis": "50px"
            },
            "propConfig": {
              "position.display": {
                "binding": {
                  "config": {
                    "expression": "!{view.custom.Online}"
                  },
                  "type": "expr"
                }
              },
              "props.text": {
                "binding": {
                  "config": {
                    "fallbackDelay": 2.5,
                    "mode": "indirect",
                    "references": {
                      "fullPath": "{view.params.fullPath}"
                    },
                    "tagPath": "{fullPath}/Node Info/Offline DateTime"
                  },
                  "transforms": [
                    {
                      "code": "\treturn \"Offline Since: \" + str(value)",
                      "type": "script"
                    }
                  ],
                  "type": "tag"
                }
              }
            },
            "props": {
              "style": {
                "overflow": "visible"
              }
            },
            "type": "ia.display.label"
          }
        ],
        "meta": {
          "name": "FlexContainer_0"
        },
        "position": {
          "basis": "31px"
        },
        "props": {
          "alignItems": "center",
          "direction": "column",
          "style": {
            "marginTop": 10,
            "overflow": "visible"
          }
        },
        "type": "ia.container.flex"
      },
      {
        "meta": {
          "name": "FlexRepeater"
        },
        "position": {
          "grow": 1
        },
        "propConfig": {
          "position.display": {
            "binding": {
              "config": {
                "expression": "!{view.custom.isCollapsed}"
              },
              "type": "expr"
            }
          },
          "props.instances": {
            "binding": {
              "config": {
                "path": "view.custom.Loads"
              },
              "type": "property"
            }
          }
        },
        "props": {
          "alignItems": "flex-start",
          "elementPosition": {
            "basis": 450,
            "grow": 0
          },
          "elementStyle": {
            "margin": 10
          },
          "justify": "center",
          "path": "Templates/DeviceWrapper",
          "style": {
            "marginTop": 15
          },
          "useDefaultViewWidth": false,
          "wrap": "wrap"
        },
        "type": "ia.display.flex-repeater"
      }
    ],
    "meta": {
      "name": "root"
    },
    "propConfig": {
      "props.style.borderColor": {
        "binding": {
          "config": {
            "path": "view.custom.Online"
          },
          "transforms": [
            {
              "fallback": "#D1EC0E",
              "inputType": "scalar",
              "mappings": [
                {
                  "input": true,
                  "output": "#04C278"
                },
                {
                  "input": false,
                  "output": "#FF6B72"
                }
              ],
              "outputType": "scalar",
              "type": "map"
            }
          ],
          "type": "property"
        }
      }
    },
    "props": {
      "direction": "column",
      "style": {
        "borderBottomLeftRadius": 10,
        "borderBottomRightRadius": 10,
        "borderStyle": "solid",
        "borderTopLeftRadius": 10,
        "borderTopRightRadius": 10,
        "boxShadow": "2px 2px 5px #5F6467",
        "margin": 10
      }
    },
    "type": "ia.container.flex"
  }
}