{
  "custom": {},
  "params": {
    "fontSize": 12,
    "label": "Label",
    "labelAlign": "right",
    "labelWidth": "180px",
    "type": "string",
    "value": 0
  },
  "propConfig": {
    "params.fontSize": {
      "paramDirection": "input",
      "persistent": true
    },
    "params.label": {
      "paramDirection": "input",
      "persistent": true
    },
    "params.labelAlign": {
      "paramDirection": "input",
      "persistent": true
    },
    "params.labelWidth": {
      "paramDirection": "input",
      "persistent": true
    },
    "params.type": {
      "paramDirection": "input",
      "persistent": true
    },
    "params.value": {
      "paramDirection": "input",
      "persistent": true
    }
  },
  "props": {
    "defaultSize": {
      "height": 68,
      "width": 597
    }
  },
  "root": {
    "children": [
      {
        "meta": {
          "name": "Label"
        },
        "position": {
          "shrink": 0
        },
        "propConfig": {
          "position.basis": {
            "binding": {
              "config": {
                "path": "view.params.labelWidth"
              },
              "type": "property"
            }
          },
          "props.style.fontSize": {
            "binding": {
              "config": {
                "path": "view.params.fontSize"
              },
              "type": "property"
            }
          },
          "props.style.textAlign": {
            "binding": {
              "config": {
                "path": "view.params.labelAlign"
              },
              "type": "property"
            }
          },
          "props.text": {
            "binding": {
              "config": {
                "path": "view.params.label"
              },
              "type": "property"
            }
          }
        },
        "props": {
          "style": {
            "borderBottomColor": "#D5D5D5",
            "borderBottomStyle": "dotted",
            "borderBottomWidth": "2px",
            "borderTopLeftRadius": 10,
            "borderTopRightRadius": 10,
            "fontWeight": "bold",
            "paddingRight": 10
          },
          "textStyle": {
            "overflowWrap": "break-word"
          }
        },
        "type": "ia.display.label"
      },
      {
        "meta": {
          "name": "FlexContainer"
        },
        "position": {
          "basis": "0%"
        },
        "props": {
          "style": {
            "borderColor": "#AAAAAA",
            "borderStyle": "solid",
            "borderWidth": 1
          }
        },
        "type": "ia.container.flex"
      },
      {
        "meta": {
          "name": "Value"
        },
        "position": {
          "grow": 1
        },
        "propConfig": {
          "props.style.fontSize": {
            "binding": {
              "config": {
                "path": "view.params.fontSize"
              },
              "type": "property"
            }
          },
          "props.text": {
            "binding": {
              "config": {
                "expression": "if({view.params.type} \u003d \"number\",\r\nnumberFormat({view.params.value}, \"#,##0.00\"),\r\n{view.params.value})"
              },
              "type": "expr"
            }
          }
        },
        "props": {
          "style": {
            "borderBottomColor": "#D5D5D5",
            "borderBottomStyle": "dotted",
            "borderBottomWidth": "2px",
            "borderTopLeftRadius": 10,
            "borderTopRightRadius": 10,
            "fontWeight": "normal",
            "overflow": "visible",
            "paddingLeft": 10,
            "textAlign": "left"
          }
        },
        "type": "ia.display.label"
      }
    ],
    "meta": {
      "name": "root"
    },
    "props": {
      "style": {
        "overflow": "hidden"
      }
    },
    "type": "ia.container.flex"
  }
}