{
  "custom": {
    "deviceData": [
      {
        "EMUData": {
          "PhaseA": {
            "Energy": {
              "PhA_ApparentEnergy_kVAh": 0.003496,
              "PhA_NegativeEnergy_kWh": 0,
              "PhA_NetEnergy_kWh": 0,
              "PhA_NetReactiveEnergy_kVArh": 0.003317,
              "PhA_PositiveEnergy_kWh": 0
            },
            "Power": {
              "PhA_ApparentPower_VA": 6.2028575,
              "PhA_AvgReactivePower_VAr": 1.3569992,
              "PhA_Current_Arms": 0.046424076,
              "PhA_Frequency_Hz": 59.944153,
              "PhA_HarmonicTruePower_W": -0.0029802322,
              "PhA_PeakCurrent_A": 0.17937827,
              "PhA_PeakVoltage_V": -174.61928,
              "PhA_PowerFactor": -0.2746637,
              "PhA_ReactivePowerFF_VAr": 1.3629599,
              "PhA_ReactivePower_VAr": 5.963445,
              "PhA_TruePowerFF_W": -1.6331675,
              "PhA_TruePower_W": -1.6371411,
              "PhA_Voltage_Vrms": 123.70865
            }
          },
          "PhaseB": {
            "Energy": {
              "PhB_ApparentEnergy_kVAh": 0.004063,
              "PhB_NegativeEnergy_kWh": 0,
              "PhB_NetEnergy_kWh": 0.0001,
              "PhB_NetReactiveEnergy_kVArh": 0.004061,
              "PhB_PositiveEnergy_kWh": 0.0001
            },
            "Power": {
              "PhB_ApparentPower_VA": 5.76377,
              "PhB_AvgReactivePower_VAr": 2.6106837,
              "PhB_Current_Arms": 0.04703999,
              "PhB_Frequency_Hz": 59.999943,
              "PhB_HarmonicTruePower_W": -0.0009934306,
              "PhB_PeakCurrent_A": 0.1349132,
              "PhB_PeakVoltage_V": 173.56064,
              "PhB_PowerFactor": 0.035247564,
              "PhB_ReactivePowerFF_VAr": 2.60671,
              "PhB_ReactivePower_VAr": 5.761783,
              "PhB_TruePowerFF_W": 0.19073486,
              "PhB_TruePower_W": 0.20364928,
              "PhB_Voltage_Vrms": 123.59638
            }
          },
          "PhaseC": {
            "Energy": {
              "PhC_ApparentEnergy_kVAh": 0.057663,
              "PhC_NegativeEnergy_kWh": 0,
              "PhC_NetEnergy_kWh": 0.027523,
              "PhC_NetReactiveEnergy_kVArh": 0.050669,
              "PhC_PositiveEnergy_kWh": 0.027523
            },
            "Power": {
              "PhC_ApparentPower_VA": 85.07968,
              "PhC_AvgReactivePower_VAr": -12.278558,
              "PhC_Current_Arms": 0.68903375,
              "PhC_Frequency_Hz": 59.999943,
              "PhC_HarmonicTruePower_W": -0.4311403,
              "PhC_PeakCurrent_A": -2.65735,
              "PhC_PeakVoltage_V": -173.41461,
              "PhC_PowerFactor": 0.47934222,
              "PhC_ReactivePowerFF_VAr": -11.972588,
              "PhC_ReactivePower_VAr": 74.8545,
              "PhC_TruePowerFF_W": 40.849052,
              "PhC_TruePower_W": 40.438778,
              "PhC_Voltage_Vrms": 123.740326
            }
          },
          "Totals": {
            "Energy": {
              "Intervals": {
                "Total_kWh_15min_marker": 0.065032,
                "Total_kWh_Current_15min_Interval": 0,
                "Total_kWh_Timer": 1
              },
              "Total_NegativeEnergy_kWh": 0,
              "Total_NetApparentEnergy_kWh": 0.065032,
              "Total_NetEnergy_kWh": 0.027532,
              "Total_NetReactiveEnergy_kVArh": 0.057881,
              "Total_PositiveEnergy_kWh": 0.027532,
              "Total_UnsignedEnergy_kWh": 0.028627
            },
            "Power": {
              "Intervals": {
                "Total_VA_15min_Demand": 99.42255,
                "Total_VA_15min_Marker": 98.76491,
                "Total_VA_Timer": 1
              },
              "Total_ApparentPower_VA": 97.06022,
              "Total_PowerFactor": 0.08559644,
              "Total_ReactivePower_VAr": 86.59165,
              "Total_TruePower_W": 38.93873
            }
          }
        },
        "EMUProperties": {
          "Firmware Version": "R3.5a",
          "Hardware Part Number": "GRV-R7-I1VAPM-3; 04/13/2020"
        }
      }
    ],
    "deviceName": "Servo1",
    "online": null
  },
  "params": {
    "fullPath": "[MQTT Engine]Edge Nodes/BlueRidge/Groov1/Energy/Loads/Servo1"
  },
  "propConfig": {
    "custom.deviceData": {
      "binding": {
        "config": {
          "path": "view.params.fullPath"
        },
        "transforms": [
          {
            "code": "\n\treturn system.tag.readBlocking(value + \".jsonValues\")",
            "type": "script"
          }
        ],
        "type": "property"
      },
      "persistent": true
    },
    "custom.deviceName": {
      "binding": {
        "config": {
          "path": "view.params.fullPath"
        },
        "transforms": [
          {
            "code": "\treturn value.split(\"/\")[len(value.split(\"/\"))-1]",
            "type": "script"
          }
        ],
        "type": "property"
      },
      "persistent": true
    },
    "custom.online": {
      "binding": {
        "config": {
          "fallbackDelay": 2.5,
          "mode": "indirect",
          "references": {
            "fullPath": "{view.params.fullPath}"
          },
          "tagPath": "{fullPath}/EmuProperties/Online"
        },
        "type": "tag"
      },
      "persistent": true
    },
    "params.fullPath": {
      "paramDirection": "input",
      "persistent": true
    }
  },
  "props": {
    "defaultSize": {
      "height": 203,
      "width": 661
    }
  },
  "root": {
    "children": [
      {
        "meta": {
          "name": "Label"
        },
        "position": {
          "basis": 80
        },
        "propConfig": {
          "props.style.backgroundColor": {
            "binding": {
              "config": {
                "path": "view.custom.online"
              },
              "overlayOptOut": true,
              "transforms": [
                {
                  "fallback": "#D1EC0E",
                  "inputType": "scalar",
                  "mappings": [
                    {
                      "input": true,
                      "output": "#04D182"
                    },
                    {
                      "input": false,
                      "output": "#FF6B72"
                    }
                  ],
                  "outputType": "scalar",
                  "type": "map"
                }
              ],
              "type": "property"
            }
          },
          "props.text": {
            "binding": {
              "config": {
                "path": "view.custom.deviceName"
              },
              "type": "property"
            }
          }
        },
        "props": {
          "style": {
            "borderTopLeftRadius": 8,
            "borderTopRightRadius": 8,
            "color": "#2B2B2B",
            "fontSize": 16,
            "fontWeight": "bold",
            "textAlign": "center"
          }
        },
        "type": "ia.display.label"
      },
      {
        "children": [
          {
            "children": [
              {
                "meta": {
                  "name": "Image"
                },
                "position": {
                  "basis": "90%",
                  "grow": 1
                },
                "props": {
                  "fit": {
                    "mode": "contain"
                  },
                  "source": "/system/images/devices/groovEmu.png"
                },
                "type": "ia.display.image"
              },
              {
                "meta": {
                  "name": "lblHardwareVendor"
                },
                "position": {
                  "basis": 20,
                  "display": false
                },
                "propConfig": {
                  "props.text": {
                    "binding": {
                      "config": {
                        "fallbackDelay": 2.5,
                        "mode": "indirect",
                        "references": {
                          "fullPath": "{view.params.fullPath}"
                        },
                        "tagPath": "{fullPath}/Properties/Hardware Vendor"
                      },
                      "transforms": [
                        {
                          "code": "\treturn value.split(\";\")[0]",
                          "type": "script"
                        }
                      ],
                      "type": "tag"
                    }
                  }
                },
                "props": {
                  "style": {
                    "fontSize": 10,
                    "textAlign": "center"
                  }
                },
                "type": "ia.display.label"
              },
              {
                "meta": {
                  "name": "lblHardwarePartNumber"
                },
                "position": {
                  "basis": 20
                },
                "propConfig": {
                  "props.text": {
                    "binding": {
                      "config": {
                        "fallbackDelay": 2.5,
                        "mode": "indirect",
                        "references": {
                          "fullPath": "{view.params.fullPath}"
                        },
                        "tagPath": "{fullPath}/EMUProperties/Hardware Part Number"
                      },
                      "transforms": [
                        {
                          "code": "\treturn value.split(\";\")[0]",
                          "type": "script"
                        }
                      ],
                      "type": "tag"
                    }
                  }
                },
                "props": {
                  "style": {
                    "fontSize": 9,
                    "textAlign": "center"
                  }
                },
                "type": "ia.display.label"
              }
            ],
            "meta": {
              "name": "EMUProduct"
            },
            "position": {
              "basis": 120
            },
            "props": {
              "direction": "column",
              "style": {
                "overflow": "visible"
              }
            },
            "type": "ia.container.flex"
          },
          {
            "meta": {
              "name": "VertBorder"
            },
            "position": {
              "basis": 1
            },
            "props": {
              "style": {
                "borderColor": "#AAAAAA",
                "borderStyle": "solid",
                "borderWidth": 1,
                "margin": 10
              }
            },
            "type": "ia.container.flex"
          },
          {
            "children": [
              {
                "meta": {
                  "name": "Info1"
                },
                "position": {
                  "basis": 20
                },
                "propConfig": {
                  "props.params.value": {
                    "binding": {
                      "config": {
                        "fallbackDelay": 2.5,
                        "mode": "indirect",
                        "references": {
                          "fullPath": "{view.params.fullPath}"
                        },
                        "tagPath": "{fullPath}/Parameters/Asset Description"
                      },
                      "type": "tag"
                    }
                  }
                },
                "props": {
                  "params": {
                    "fontSize": 10,
                    "label": "Asset Description",
                    "type": "string"
                  },
                  "path": "Templates/Elements/InfoElement",
                  "style": {
                    "marginBottom": 5,
                    "overflow": "visible"
                  }
                },
                "type": "ia.display.view"
              },
              {
                "meta": {
                  "name": "Info2"
                },
                "propConfig": {
                  "props.params.value": {
                    "binding": {
                      "config": {
                        "fallbackDelay": 2.5,
                        "mode": "indirect",
                        "references": {
                          "fullPath": "{view.params.fullPath}"
                        },
                        "tagPath": "{fullPath}/Parameters/Asset Location"
                      },
                      "type": "tag"
                    }
                  }
                },
                "props": {
                  "params": {
                    "fontSize": 10,
                    "label": "Asset Location",
                    "type": "string"
                  },
                  "path": "Templates/Elements/InfoElement",
                  "style": {
                    "marginBottom": 5,
                    "minHeight": "20px",
                    "overflow": "visible"
                  }
                },
                "type": "ia.display.view"
              },
              {
                "meta": {
                  "name": "Info3"
                },
                "position": {
                  "basis": "20px"
                },
                "propConfig": {
                  "props.params.value": {
                    "binding": {
                      "config": {
                        "fallbackDelay": 2.5,
                        "mode": "indirect",
                        "references": {
                          "fullPath": "{view.params.fullPath}"
                        },
                        "tagPath": "{fullPath}/Parameters/Load Type"
                      },
                      "overlayOptOut": true,
                      "type": "tag"
                    }
                  }
                },
                "props": {
                  "params": {
                    "fontSize": 10,
                    "label": "Load Type"
                  },
                  "path": "Templates/Elements/InfoElement",
                  "style": {
                    "marginBottom": 5,
                    "overflow": "visible"
                  }
                },
                "type": "ia.display.view"
              },
              {
                "meta": {
                  "name": "Info4"
                },
                "position": {
                  "basis": 20
                },
                "propConfig": {
                  "props.params.value": {
                    "binding": {
                      "config": {
                        "fallbackDelay": 2.5,
                        "mode": "indirect",
                        "references": {
                          "fullPath": "{view.params.fullPath}"
                        },
                        "tagPath": "{fullPath}/Parameters/Load Side Current Transformer Rating"
                      },
                      "type": "tag"
                    }
                  }
                },
                "props": {
                  "params": {
                    "fontSize": 10,
                    "label": "Current Rating"
                  },
                  "path": "Templates/Elements/InfoElement",
                  "style": {
                    "marginBottom": 5,
                    "overflow": "visible"
                  }
                },
                "type": "ia.display.view"
              },
              {
                "meta": {
                  "name": "Info5"
                },
                "position": {
                  "basis": 20
                },
                "propConfig": {
                  "props.params.value": {
                    "binding": {
                      "config": {
                        "fallbackDelay": 2.5,
                        "mode": "indirect",
                        "references": {
                          "fullPath": "{view.params.fullPath}"
                        },
                        "tagPath": "{fullPath}/Parameters/Load Install Date"
                      },
                      "type": "tag"
                    }
                  }
                },
                "props": {
                  "params": {
                    "fontSize": 10,
                    "label": "Load Install Date"
                  },
                  "path": "Templates/Elements/InfoElement",
                  "style": {
                    "marginBottom": 5,
                    "overflow": "visible"
                  }
                },
                "type": "ia.display.view"
              }
            ],
            "meta": {
              "name": "Parameters"
            },
            "position": {
              "basis": "100%",
              "grow": 1
            },
            "props": {
              "direction": "column"
            },
            "type": "ia.container.flex"
          }
        ],
        "meta": {
          "name": "Body"
        },
        "position": {
          "basis": "200px",
          "grow": 1
        },
        "props": {
          "style": {
            "padding": 5
          }
        },
        "type": "ia.container.flex"
      }
    ],
    "meta": {
      "name": "root"
    },
    "propConfig": {
      "props.style.borderColor": {
        "binding": {
          "config": {
            "path": "view.custom.online"
          },
          "transforms": [
            {
              "fallback": "#D1EC0E",
              "inputType": "scalar",
              "mappings": [
                {
                  "input": true,
                  "output": "#04D182"
                },
                {
                  "input": false,
                  "output": "#FF6B72"
                }
              ],
              "outputType": "scalar",
              "type": "map"
            }
          ],
          "type": "property"
        }
      }
    },
    "props": {
      "direction": "column",
      "style": {
        "borderBottomLeftRadius": 15,
        "borderBottomRightRadius": 15,
        "borderStyle": "solid",
        "borderTopLeftRadius": 15,
        "borderTopRightRadius": 15,
        "borderWidth": 2
      }
    },
    "type": "ia.container.flex"
  }
}