{
  "custom": {
    "deviceData": [
      null
    ],
    "deviceName": "Compressor2",
    "online": null
  },
  "params": {
    "fullPath": "[MQTT Engine]Edge Nodes/Opto22/EMK1-0001/Loads/Compressor2"
  },
  "propConfig": {
    "custom.deviceData": {
      "binding": {
        "config": {
          "path": "view.params.fullPath"
        },
        "transforms": [
          {
            "code": "\n\treturn system.tag.readBlocking(value + \".jsonValues\")",
            "type": "script"
          }
        ],
        "type": "property"
      },
      "persistent": true
    },
    "custom.deviceName": {
      "binding": {
        "config": {
          "path": "view.params.fullPath"
        },
        "transforms": [
          {
            "code": "\treturn value.split(\"/\")[len(value.split(\"/\"))-1]",
            "type": "script"
          }
        ],
        "type": "property"
      },
      "persistent": true
    },
    "custom.online": {
      "binding": {
        "config": {
          "fallbackDelay": 2.5,
          "mode": "indirect",
          "references": {
            "fullPath": "{view.params.fullPath}"
          },
          "tagPath": "{fullPath}/EmuProperties/Online"
        },
        "type": "tag"
      },
      "persistent": true
    },
    "params.fullPath": {
      "paramDirection": "input",
      "persistent": true
    }
  },
  "props": {
    "defaultSize": {
      "height": 203,
      "width": 661
    }
  },
  "root": {
    "children": [
      {
        "meta": {
          "name": "Label"
        },
        "position": {
          "basis": 80
        },
        "propConfig": {
          "props.style.backgroundColor": {
            "binding": {
              "config": {
                "path": "view.custom.online"
              },
              "overlayOptOut": true,
              "transforms": [
                {
                  "fallback": "#D1EC0E",
                  "inputType": "scalar",
                  "mappings": [
                    {
                      "input": true,
                      "output": "#04D182"
                    },
                    {
                      "input": false,
                      "output": "#FF6B72"
                    }
                  ],
                  "outputType": "scalar",
                  "type": "map"
                }
              ],
              "type": "property"
            }
          },
          "props.text": {
            "binding": {
              "config": {
                "path": "view.custom.deviceName"
              },
              "type": "property"
            }
          }
        },
        "props": {
          "style": {
            "borderTopLeftRadius": 8,
            "borderTopRightRadius": 8,
            "color": "2B2B2B",
            "fontSize": 16,
            "fontWeight": "bold",
            "textAlign": "center"
          }
        },
        "type": "ia.display.label"
      },
      {
        "children": [
          {
            "children": [
              {
                "meta": {
                  "name": "Image"
                },
                "position": {
                  "basis": "90%",
                  "grow": 1
                },
                "props": {
                  "fit": {
                    "mode": "contain"
                  },
                  "source": "/system/images/devices/groovEmu.png"
                },
                "type": "ia.display.image"
              },
              {
                "meta": {
                  "name": "lblHardwareVendor"
                },
                "position": {
                  "basis": 20
                },
                "propConfig": {
                  "props.text": {
                    "binding": {
                      "config": {
                        "fallbackDelay": 2.5,
                        "mode": "indirect",
                        "references": {
                          "fullPath": "{view.params.fullPath}"
                        },
                        "tagPath": "{fullPath}/EMUProperties/Hardware Vendor"
                      },
                      "transforms": [
                        {
                          "code": "\treturn value.split(\";\")[0]",
                          "type": "script"
                        }
                      ],
                      "type": "tag"
                    }
                  }
                },
                "props": {
                  "style": {
                    "fontSize": 10,
                    "textAlign": "center"
                  }
                },
                "type": "ia.display.label"
              },
              {
                "meta": {
                  "name": "lblHardwarePartNumber"
                },
                "position": {
                  "basis": 20
                },
                "propConfig": {
                  "props.text": {
                    "binding": {
                      "config": {
                        "fallbackDelay": 2.5,
                        "mode": "indirect",
                        "references": {
                          "fullPath": "{view.params.fullPath}"
                        },
                        "tagPath": "{fullPath}/EMUProperties/Hardware Part Number"
                      },
                      "transforms": [
                        {
                          "code": "\treturn value.split(\";\")[0]",
                          "type": "script"
                        }
                      ],
                      "type": "tag"
                    }
                  }
                },
                "props": {
                  "style": {
                    "fontSize": 9,
                    "textAlign": "center"
                  }
                },
                "type": "ia.display.label"
              }
            ],
            "meta": {
              "name": "EMUProduct"
            },
            "position": {
              "basis": 120
            },
            "props": {
              "direction": "column",
              "style": {
                "overflow": "visible"
              }
            },
            "type": "ia.container.flex"
          },
          {
            "meta": {
              "name": "VertBorder"
            },
            "position": {
              "basis": 1
            },
            "props": {
              "style": {
                "borderColor": "#AAAAAA",
                "borderStyle": "solid",
                "borderWidth": 1,
                "margin": 10
              }
            },
            "type": "ia.container.flex"
          },
          {
            "children": [
              {
                "meta": {
                  "name": "Info1"
                },
                "position": {
                  "basis": 20
                },
                "propConfig": {
                  "props.params.value": {
                    "binding": {
                      "config": {
                        "fallbackDelay": 2.5,
                        "mode": "indirect",
                        "references": {
                          "fullPath": "{view.params.fullPath}"
                        },
                        "tagPath": "{fullPath}/Parameters/Asset Description"
                      },
                      "type": "tag"
                    }
                  }
                },
                "props": {
                  "params": {
                    "fontSize": 10,
                    "label": "Asset Description",
                    "type": "string"
                  },
                  "path": "Templates/Elements/InfoElement",
                  "style": {
                    "marginBottom": 5,
                    "overflow": "visible"
                  }
                },
                "type": "ia.display.view"
              },
              {
                "meta": {
                  "name": "Info2"
                },
                "propConfig": {
                  "props.params.value": {
                    "binding": {
                      "config": {
                        "fallbackDelay": 2.5,
                        "mode": "indirect",
                        "references": {
                          "fullPath": "{view.params.fullPath}"
                        },
                        "tagPath": "{fullPath}/Parameters/Asset Location"
                      },
                      "type": "tag"
                    }
                  }
                },
                "props": {
                  "params": {
                    "fontSize": 10,
                    "label": "Asset Location",
                    "type": "string"
                  },
                  "path": "Templates/Elements/InfoElement",
                  "style": {
                    "marginBottom": 5,
                    "minHeight": "20px",
                    "overflow": "visible"
                  }
                },
                "type": "ia.display.view"
              },
              {
                "meta": {
                  "name": "Info3"
                },
                "position": {
                  "basis": 20
                },
                "propConfig": {
                  "props.params.value": {
                    "binding": {
                      "config": {
                        "fallbackDelay": 2.5,
                        "mode": "indirect",
                        "references": {
                          "fullPath": "{view.params.fullPath}"
                        },
                        "tagPath": "{fullPath}/Parameters/Load Type"
                      },
                      "type": "tag"
                    }
                  }
                },
                "props": {
                  "params": {
                    "fontSize": 10,
                    "label": "Load Type"
                  },
                  "path": "Templates/Elements/InfoElement",
                  "style": {
                    "marginBottom": 5,
                    "overflow": "visible"
                  }
                },
                "type": "ia.display.view"
              },
              {
                "meta": {
                  "name": "Info4"
                },
                "position": {
                  "basis": 20
                },
                "propConfig": {
                  "props.params.value": {
                    "binding": {
                      "config": {
                        "fallbackDelay": 2.5,
                        "mode": "indirect",
                        "references": {
                          "fullPath": "{view.params.fullPath}"
                        },
                        "tagPath": "{fullPath}/Parameters/Load Side Current Transformer Rating"
                      },
                      "type": "tag"
                    }
                  }
                },
                "props": {
                  "params": {
                    "fontSize": 10,
                    "label": "Current Rating"
                  },
                  "path": "Templates/Elements/InfoElement",
                  "style": {
                    "marginBottom": 5,
                    "overflow": "visible"
                  }
                },
                "type": "ia.display.view"
              },
              {
                "meta": {
                  "name": "Info5"
                },
                "position": {
                  "basis": 20
                },
                "propConfig": {
                  "props.params.value": {
                    "binding": {
                      "config": {
                        "fallbackDelay": 2.5,
                        "mode": "indirect",
                        "references": {
                          "fullPath": "{view.params.fullPath}"
                        },
                        "tagPath": "{fullPath}/Parameters/Load Install Date"
                      },
                      "type": "tag"
                    }
                  }
                },
                "props": {
                  "params": {
                    "fontSize": 10,
                    "label": "Load Install Date"
                  },
                  "path": "Templates/Elements/InfoElement",
                  "style": {
                    "marginBottom": 5,
                    "overflow": "visible"
                  }
                },
                "type": "ia.display.view"
              }
            ],
            "meta": {
              "name": "Parameters"
            },
            "position": {
              "basis": "100%",
              "grow": 1
            },
            "props": {
              "direction": "column"
            },
            "type": "ia.container.flex"
          }
        ],
        "meta": {
          "name": "Body"
        },
        "position": {
          "basis": "200px",
          "grow": 1
        },
        "props": {
          "style": {
            "padding": 5
          }
        },
        "type": "ia.container.flex"
      }
    ],
    "meta": {
      "name": "root"
    },
    "propConfig": {
      "props.style.borderColor": {
        "binding": {
          "config": {
            "path": "view.custom.online"
          },
          "transforms": [
            {
              "fallback": "#D1EC0E",
              "inputType": "scalar",
              "mappings": [
                {
                  "input": true,
                  "output": "#04D182"
                },
                {
                  "input": false,
                  "output": "#FF6B72"
                }
              ],
              "outputType": "scalar",
              "type": "map"
            }
          ],
          "type": "property"
        }
      }
    },
    "props": {
      "direction": "column",
      "style": {
        "borderBottomLeftRadius": 15,
        "borderBottomRightRadius": 15,
        "borderStyle": "solid",
        "borderTopLeftRadius": 15,
        "borderTopRightRadius": 15,
        "borderWidth": 2
      }
    },
    "type": "ia.container.flex"
  }
}