{
  "custom": {},
  "params": {
    "icon": "home",
    "needssettingbutton": false,
    "tagpath": "[ESN]Opto22/EdgeNodes/EMK1-0001/Loads/Compressor1",
    "text": "Home"
  },
  "propConfig": {
    "params.icon": {
      "paramDirection": "input",
      "persistent": true
    },
    "params.needssettingbutton": {
      "paramDirection": "input",
      "persistent": true
    },
    "params.tagpath": {
      "paramDirection": "input",
      "persistent": true
    },
    "params.text": {
      "paramDirection": "input",
      "persistent": true
    }
  },
  "props": {
    "defaultSize": {
      "height": 56,
      "width": 600
    }
  },
  "root": {
    "children": [
      {
        "meta": {
          "name": "Icon"
        },
        "position": {
          "basis": "24px",
          "shrink": 0
        },
        "propConfig": {
          "props.path": {
            "binding": {
              "config": {
                "expression": "\"material/\" + {view.params.icon}"
              },
              "type": "expr"
            },
            "persistent": false
          }
        },
        "props": {
          "style": {
            "classes": "Title/Icon",
            "marginLeft": "10px"
          }
        },
        "type": "ia.display.icon"
      },
      {
        "meta": {
          "hasDelegate": true,
          "name": "Label"
        },
        "position": {
          "grow": 1
        },
        "propConfig": {
          "props.text": {
            "binding": {
              "config": {
                "path": "view.params.text"
              },
              "type": "property"
            },
            "persistent": false
          }
        },
        "props": {
          "style": {
            "classes": "Title/Text"
          }
        },
        "type": "ia.display.label"
      },
      {
        "events": {
          "dom": {
            "onClick": {
              "config": {
                "draggable": true,
                "id": "1GIJMALT",
                "modal": false,
                "overlayDismiss": false,
                "resizable": true,
                "showCloseIcon": true,
                "type": "open",
                "viewParams": {
                  "tagpath": "{view.params.tagpath}"
                },
                "viewPath": "Popups/AllLoadSettings",
                "viewportBound": false
              },
              "scope": "C",
              "type": "popup"
            }
          }
        },
        "meta": {
          "name": "Icon_0"
        },
        "position": {
          "basis": "30px"
        },
        "propConfig": {
          "meta.visible": {
            "binding": {
              "config": {
                "path": "view.params.needssettingbutton"
              },
              "type": "property"
            }
          }
        },
        "props": {
          "path": "material/settings"
        },
        "type": "ia.display.icon"
      }
    ],
    "meta": {
      "name": "root"
    },
    "props": {
      "style": {
        "classes": "Title/Title"
      }
    },
    "type": "ia.container.flex"
  }
}