{
  "custom": {},
  "propConfig": {
    "custom.companyID": {
      "binding": {
        "config": {
          "expression": "{this.custom.linkedCompanies}[0]"
        },
        "type": "expr"
      }
    },
    "custom.companyName": {
      "binding": {
        "config": {
          "parameters": {
            "companyID": "{this.custom.companyID}"
          },
          "queryPath": "GetCompanyName"
        },
        "type": "query"
      }
    },
    "custom.databaseConnection": {
      "binding": {
        "config": {
          "path": "this.custom.companyID"
        },
        "type": "property"
      }
    },
    "custom.dockShown": {
      "persistent": false
    },
    "custom.edgeNodes": {
      "binding": {
        "config": {
          "path": "this.custom.tagPrefix"
        },
        "transforms": [
          {
            "code": "\tresults \u003d system.tag.browse(value)\n\n\tfinal \u003d []\n\tfor node in results:\n\t\tif node[\"hasChildren\"]:\n\t\t\tnode[\"energyLoads\"] \u003d [system.tag.browse(str(node[\"fullPath\"]) + \"/Loads\")]\n\t\t\n\t\tfinal.append(node)\n\treturn final\n\t\t",
            "type": "script"
          }
        ],
        "type": "property"
      }
    },
    "custom.linkedCompanies": {
      "binding": {
        "config": {
          "path": "this.props.auth.user.roles"
        },
        "type": "property"
      }
    },
    "custom.tagPrefix": {
      "binding": {
        "config": {
          "path": "this.custom.companyID"
        },
        "transforms": [
          {
            "code": "\t#old value \u003d \"[MQTT Engine]Edge Nodes/\" + value\n\treturn \"[ESN]\" + value + \"/EdgeNodes\"\n",
            "type": "script"
          }
        ],
        "type": "property"
      }
    },
    "props.auth": {
      "access": "PRIVATE",
      "persistent": false
    },
    "props.device.accelerometer": {
      "access": "SYSTEM",
      "persistent": false
    },
    "props.device.identifier": {
      "access": "SYSTEM",
      "persistent": false
    },
    "props.device.timezone": {
      "access": "SYSTEM",
      "persistent": false
    },
    "props.device.type": {
      "access": "SYSTEM",
      "persistent": false
    },
    "props.device.userAgent": {
      "access": "SYSTEM",
      "persistent": false
    },
    "props.gateway": {
      "access": "SYSTEM",
      "persistent": false
    },
    "props.geolocation.data": {
      "access": "SYSTEM",
      "persistent": false
    },
    "props.geolocation.permissionGranted": {
      "access": "SYSTEM",
      "persistent": false
    },
    "props.host": {
      "access": "SYSTEM",
      "persistent": false
    },
    "props.id": {
      "access": "SYSTEM",
      "persistent": false
    },
    "props.lastActivity": {
      "access": "SYSTEM",
      "persistent": false
    }
  },
  "props": {
    "address": "75.114.201.52",
    "appBar": {
      "togglePosition": "hidden"
    },
    "device": {},
    "geolocation": {},
    "locale": "en-US",
    "securityLevels": [],
    "theme": "light-cool",
    "timeZoneId": "America/Indianapolis"
  }
}