{
  "custom": {},
  "params": {
    "tagpath": "[ESN]Opto22"
  },
  "propConfig": {
    "params.tagpath": {
      "paramDirection": "input",
      "persistent": true
    }
  },
  "props": {
    "defaultSize": {
      "height": 416,
      "width": 767
    }
  },
  "root": {
    "children": [
      {
        "children": [
          {
            "meta": {
              "name": "FlexRepeater"
            },
            "position": {
              "basis": "767px"
            },
            "propConfig": {
              "props.instances[0].settings.tagpath": {
                "binding": {
                  "config": {
                    "path": "view.params.tagpath"
                  },
                  "type": "property"
                }
              }
            },
            "props": {
              "direction": "column",
              "instances": [
                {
                  "instancePosition": {},
                  "instanceStyle": {
                    "classes": ""
                  },
                  "settings": {
                    "ShiftRow": 0
                  }
                },
                {
                  "instancePosition": {},
                  "instanceStyle": {
                    "classes": ""
                  },
                  "settings": {
                    "ShiftRow": 1,
                    "tagpath": "[ESN]Opto22"
                  }
                },
                {
                  "instancePosition": {},
                  "instanceStyle": {
                    "classes": ""
                  },
                  "settings": {
                    "ShiftRow": 2,
                    "tagpath": "[ESN]Opto22"
                  }
                },
                {
                  "instancePosition": {},
                  "instanceStyle": {
                    "classes": ""
                  },
                  "settings": {
                    "ShiftRow": 3,
                    "tagpath": "[ESN]Opto22"
                  }
                },
                {
                  "instancePosition": {},
                  "instanceStyle": {
                    "classes": ""
                  },
                  "settings": {
                    "ShiftRow": 4,
                    "tagpath": "[ESN]Opto22"
                  }
                }
              ],
              "path": "Popups/Embedded/Shift Schedule"
            },
            "type": "ia.display.flex-repeater"
          }
        ],
        "meta": {
          "name": "FlexContainer"
        },
        "position": {
          "height": 470,
          "width": 767,
          "x": -0.5
        },
        "props": {
          "alignItems": "flex-start",
          "direction": "column"
        },
        "type": "ia.container.flex"
      }
    ],
    "meta": {
      "name": "root"
    },
    "position": {
      "x": 5.5,
      "y": -10
    },
    "props": {
      "style": {
        "overflow": "hidden"
      }
    },
    "type": "ia.container.coord"
  }
}