{
  "custom": {},
  "params": {
    "fullPath": "[ESN]Opto22/EdgeNodes/EMK1-0001/Loads/Compressor2"
  },
  "propConfig": {
    "params.fullPath": {
      "paramDirection": "input",
      "persistent": true
    }
  },
  "props": {
    "defaultSize": {
      "height": 815
    }
  },
  "root": {
    "children": [
      {
        "meta": {
          "name": "overviewMode"
        },
        "position": {
          "basis": "40px",
          "shrink": 0
        },
        "propConfig": {
          "props.indicatorValue": {
            "binding": {
              "config": {
                "path": "this.props.controlValue"
              },
              "type": "property"
            }
          }
        },
        "props": {
          "controlValue": 1,
          "orientation": "row",
          "states": [
            {
              "selectedStyle": {
                "backgroundColor": "#555555",
                "classes": "",
                "color": "#FFFFFF"
              },
              "text": "EMU Overview",
              "unselectedStyle": {
                "backgroundColor": "#D5D5D5",
                "classes": ""
              },
              "value": 0
            },
            {
              "selectedStyle": {
                "backgroundColor": "#555555",
                "classes": "",
                "color": "#FFFFFF"
              },
              "text": "3-Phase Totals",
              "unselectedStyle": {
                "backgroundColor": "#D5D5D5",
                "classes": ""
              },
              "value": 1
            },
            {
              "selectedStyle": {
                "backgroundColor": "#555555",
                "classes": "",
                "color": "#FFFFFF"
              },
              "text": "All Phases",
              "unselectedStyle": {
                "backgroundColor": "#D5D5D5",
                "classes": ""
              },
              "value": 2
            }
          ],
          "style": {
            "margin": 10,
            "marginTop": 20
          }
        },
        "type": "ia.input.multi-state-button"
      },
      {
        "children": [
          {
            "children": [
              {
                "meta": {
                  "name": "Label"
                },
                "position": {
                  "basis": "50px"
                },
                "props": {
                  "style": {
                    "backgroundColor": "#808080",
                    "boxShadow": "1px 1px 4px #2B2B2B",
                    "color": "#FFFFFF",
                    "fontSize": 20,
                    "fontWeight": "bold",
                    "margin": -5,
                    "marginBottom": 5,
                    "padding": 5
                  },
                  "text": "Asset Information"
                },
                "type": "ia.display.label"
              },
              {
                "meta": {
                  "name": "Element1"
                },
                "position": {
                  "basis": "50px",
                  "shrink": 0
                },
                "propConfig": {
                  "props.params.value": {
                    "binding": {
                      "config": {
                        "fallbackDelay": 2.5,
                        "mode": "indirect",
                        "references": {
                          "fullPath": "{view.params.fullPath}"
                        },
                        "tagPath": "{fullPath}/Properties/Asset Description"
                      },
                      "type": "tag"
                    }
                  }
                },
                "props": {
                  "params": {
                    "fontSize": 16,
                    "label": "Description",
                    "labelAlign": "left",
                    "type": "string"
                  },
                  "path": "Templates/Elements/InfoElement",
                  "style": {
                    "marginLeft": 10
                  }
                },
                "type": "ia.display.view"
              },
              {
                "meta": {
                  "name": "Element2"
                },
                "position": {
                  "basis": "50px",
                  "shrink": 0
                },
                "propConfig": {
                  "props.params.value": {
                    "binding": {
                      "config": {
                        "fallbackDelay": 2.5,
                        "mode": "indirect",
                        "references": {
                          "fullPath": "{view.params.fullPath}"
                        },
                        "tagPath": "{fullPath}/Properties/Asset Location"
                      },
                      "type": "tag"
                    }
                  }
                },
                "props": {
                  "params": {
                    "fontSize": 16,
                    "label": "Location",
                    "labelAlign": "left",
                    "type": "string"
                  },
                  "path": "Templates/Elements/InfoElement",
                  "style": {
                    "marginLeft": 10
                  }
                },
                "type": "ia.display.view"
              },
              {
                "meta": {
                  "name": "Element3"
                },
                "position": {
                  "basis": "50px",
                  "shrink": 0
                },
                "propConfig": {
                  "props.params.value": {
                    "binding": {
                      "config": {
                        "fallbackDelay": 2.5,
                        "mode": "indirect",
                        "references": {
                          "fullPath": "{view.params.fullPath}"
                        },
                        "tagPath": "{fullPath}/Properties/Asset Name"
                      },
                      "type": "tag"
                    }
                  }
                },
                "props": {
                  "params": {
                    "fontSize": 16,
                    "label": "Name",
                    "labelAlign": "left",
                    "type": "string"
                  },
                  "path": "Templates/Elements/InfoElement",
                  "style": {
                    "marginLeft": 10
                  }
                },
                "type": "ia.display.view"
              },
              {
                "meta": {
                  "name": "Element4"
                },
                "position": {
                  "basis": "50px",
                  "shrink": 0
                },
                "propConfig": {
                  "props.params.value": {
                    "binding": {
                      "config": {
                        "fallbackDelay": 2.5,
                        "mode": "indirect",
                        "references": {
                          "fullPath": "{view.params.fullPath}"
                        },
                        "tagPath": "{fullPath}/Properties/Load Type"
                      },
                      "type": "tag"
                    }
                  }
                },
                "props": {
                  "params": {
                    "fontSize": 16,
                    "label": "Load Type",
                    "labelAlign": "left",
                    "type": "string"
                  },
                  "path": "Templates/Elements/InfoElement",
                  "style": {
                    "marginLeft": 10
                  }
                },
                "type": "ia.display.view"
              }
            ],
            "meta": {
              "name": "AssetInformation"
            },
            "position": {
              "shrink": 0
            },
            "props": {
              "direction": "column",
              "style": {
                "borderBottomLeftRadius": 10,
                "borderBottomRightRadius": 10,
                "borderColor": "#808080",
                "borderStyle": "solid",
                "borderTopLeftRadius": 10,
                "borderTopRightRadius": 10,
                "boxShadow": "2px 2px 4px #808080",
                "marginBottom": 10,
                "padding": 5
              }
            },
            "type": "ia.container.flex"
          },
          {
            "children": [
              {
                "meta": {
                  "name": "Label"
                },
                "position": {
                  "basis": "50px"
                },
                "props": {
                  "style": {
                    "backgroundColor": "#808080",
                    "boxShadow": "1px 1px 4px #2B2B2B",
                    "color": "#FFFFFF",
                    "fontSize": 20,
                    "fontWeight": "bold",
                    "margin": -5,
                    "marginBottom": 5,
                    "padding": 5
                  },
                  "text": "Load Overview"
                },
                "type": "ia.display.label"
              },
              {
                "meta": {
                  "name": "Element1"
                },
                "position": {
                  "basis": "50px",
                  "shrink": 0
                },
                "propConfig": {
                  "custom.value": {
                    "binding": {
                      "config": {
                        "expression": "toInt({this.custom.voltageA}) + \" / \" + toInt({this.custom.voltageB}) + \" / \" + toInt({this.custom.voltageC}) "
                      },
                      "type": "expr"
                    }
                  },
                  "custom.voltageA": {
                    "binding": {
                      "config": {
                        "fallbackDelay": 2.5,
                        "mode": "indirect",
                        "references": {
                          "fullPath": "{view.params.fullPath}"
                        },
                        "tagPath": "{fullPath}/Data/PhaseA/Power/PhA_Voltage"
                      },
                      "type": "tag"
                    }
                  },
                  "custom.voltageB": {
                    "binding": {
                      "config": {
                        "fallbackDelay": 2.5,
                        "mode": "indirect",
                        "references": {
                          "fullPath": "{view.params.fullPath}"
                        },
                        "tagPath": "{fullPath}/Data/PhaseB/Power/PhB_Voltage"
                      },
                      "type": "tag"
                    }
                  },
                  "custom.voltageC": {
                    "binding": {
                      "config": {
                        "fallbackDelay": 2.5,
                        "mode": "indirect",
                        "references": {
                          "fullPath": "{view.params.fullPath}"
                        },
                        "tagPath": "{fullPath}/Data/PhaseC/Power/PhC_Voltage"
                      },
                      "type": "tag"
                    }
                  },
                  "props.params.value": {
                    "binding": {
                      "config": {
                        "path": "this.custom.value"
                      },
                      "type": "property"
                    }
                  }
                },
                "props": {
                  "params": {
                    "fontSize": 16,
                    "label": "Voltage (V)",
                    "labelAlign": "left",
                    "type": "string"
                  },
                  "path": "Templates/Elements/InfoElement",
                  "style": {
                    "marginLeft": 10
                  }
                },
                "type": "ia.display.view"
              },
              {
                "meta": {
                  "name": "Element2"
                },
                "position": {
                  "basis": "50px",
                  "shrink": 0
                },
                "propConfig": {
                  "props.params.tagPath": {
                    "binding": {
                      "config": {
                        "expression": "{view.params.fullPath} + \"/Data/Totals/Power/Total_PowerFactor\""
                      },
                      "type": "expr"
                    }
                  }
                },
                "props": {
                  "params": {
                    "fontSize": 16,
                    "label": "Power Factor",
                    "labelAlign": "left"
                  },
                  "path": "Templates/Elements/InfoElementSL",
                  "style": {
                    "marginLeft": 10
                  }
                },
                "type": "ia.display.view"
              },
              {
                "meta": {
                  "name": "Element3"
                },
                "position": {
                  "basis": "50px",
                  "shrink": 0
                },
                "propConfig": {
                  "props.params.tagPath": {
                    "binding": {
                      "config": {
                        "expression": "{view.params.fullPath} + \"/Data/PhaseA/Power/PhA_Frequency\""
                      },
                      "type": "expr"
                    }
                  }
                },
                "props": {
                  "params": {
                    "fontSize": 16,
                    "label": "Frequency (Hz)",
                    "labelAlign": "left"
                  },
                  "path": "Templates/Elements/InfoElementSL",
                  "style": {
                    "marginLeft": 10
                  }
                },
                "type": "ia.display.view"
              },
              {
                "meta": {
                  "name": "Element4"
                },
                "position": {
                  "basis": "50px",
                  "shrink": 0
                },
                "propConfig": {
                  "props.params.tagPath": {
                    "binding": {
                      "config": {
                        "expression": "{view.params.fullPath} + \"/Data/Totals/Power/Total_ApparentPower\""
                      },
                      "type": "expr"
                    }
                  }
                },
                "props": {
                  "params": {
                    "fontSize": 16,
                    "label": "Apparent Power (kVA)",
                    "labelAlign": "left"
                  },
                  "path": "Templates/Elements/InfoElementSL",
                  "style": {
                    "marginLeft": 10
                  }
                },
                "type": "ia.display.view"
              },
              {
                "meta": {
                  "name": "Element5"
                },
                "position": {
                  "basis": "50px",
                  "shrink": 0
                },
                "propConfig": {
                  "props.params.tagPath": {
                    "binding": {
                      "config": {
                        "expression": "{view.params.fullPath} + \"/Data/Totals/Energy/Total_NetApparentEnergy\""
                      },
                      "type": "expr"
                    }
                  }
                },
                "props": {
                  "params": {
                    "fontSize": 16,
                    "label": "Net Apparent Energy (kVAh)",
                    "labelAlign": "left"
                  },
                  "path": "Templates/Elements/InfoElementSL",
                  "style": {
                    "marginLeft": 10
                  }
                },
                "type": "ia.display.view"
              }
            ],
            "meta": {
              "name": "LoadOverview"
            },
            "position": {
              "shrink": 0
            },
            "props": {
              "direction": "column",
              "style": {
                "borderBottomLeftRadius": 10,
                "borderBottomRightRadius": 10,
                "borderColor": "#808080",
                "borderStyle": "solid",
                "borderTopLeftRadius": 10,
                "borderTopRightRadius": 10,
                "boxShadow": "2px 2px 4px #808080",
                "marginBottom": 10,
                "padding": 5
              }
            },
            "type": "ia.container.flex"
          },
          {
            "children": [
              {
                "meta": {
                  "name": "Label"
                },
                "position": {
                  "basis": "50px"
                },
                "props": {
                  "style": {
                    "backgroundColor": "#808080",
                    "boxShadow": "1px 1px 4px #2B2B2B",
                    "color": "#FFFFFF",
                    "fontSize": 20,
                    "fontWeight": "bold",
                    "margin": -5,
                    "marginBottom": 5,
                    "padding": 5
                  },
                  "text": "Interval Data 15 Minute"
                },
                "type": "ia.display.label"
              },
              {
                "meta": {
                  "name": "Element2"
                },
                "position": {
                  "basis": "50px",
                  "shrink": 0
                },
                "propConfig": {
                  "props.params.tagPath": {
                    "binding": {
                      "config": {
                        "expression": "{view.params.fullPath} + \"/DashboardSettings/IntervalData/Power15minAverage\""
                      },
                      "type": "expr"
                    }
                  }
                },
                "props": {
                  "params": {
                    "fontSize": 16,
                    "label": "15 min Avg Power (kW)",
                    "labelAlign": "left"
                  },
                  "path": "Templates/Elements/InfoElementSL",
                  "style": {
                    "marginLeft": 10
                  }
                },
                "type": "ia.display.view"
              }
            ],
            "meta": {
              "name": "IntervalData"
            },
            "position": {
              "shrink": 0
            },
            "props": {
              "direction": "column",
              "style": {
                "borderBottomLeftRadius": 10,
                "borderBottomRightRadius": 10,
                "borderColor": "#808080",
                "borderStyle": "solid",
                "borderTopLeftRadius": 10,
                "borderTopRightRadius": 10,
                "boxShadow": "2px 2px 4px #808080",
                "marginBottom": 10,
                "padding": 5
              }
            },
            "type": "ia.container.flex"
          }
        ],
        "meta": {
          "name": "Tab0"
        },
        "position": {
          "basis": "759px",
          "shrink": 0
        },
        "propConfig": {
          "position.display": {
            "binding": {
              "config": {
                "expression": "{../overviewMode.props.controlValue} \u003d 0"
              },
              "type": "expr"
            }
          }
        },
        "props": {
          "direction": "column",
          "style": {
            "margin": 10,
            "padding": 5,
            "paddingLeft": 0,
            "paddingRight": 0
          }
        },
        "type": "ia.container.flex"
      },
      {
        "children": [
          {
            "children": [
              {
                "meta": {
                  "name": "Label"
                },
                "position": {
                  "basis": "50px",
                  "shrink": 0
                },
                "props": {
                  "style": {
                    "backgroundColor": "#808080",
                    "boxShadow": "1px 1px 4px #2B2B2B",
                    "color": "#FFFFFF",
                    "fontSize": 20,
                    "fontWeight": "bold",
                    "margin": -5,
                    "marginBottom": 5,
                    "padding": 5
                  },
                  "text": "Total Power"
                },
                "type": "ia.display.label"
              },
              {
                "meta": {
                  "name": "Element1"
                },
                "position": {
                  "basis": "50px",
                  "shrink": 0
                },
                "propConfig": {
                  "props.params.tagPath": {
                    "binding": {
                      "config": {
                        "expression": "{view.params.fullPath} + \"/Data/Totals/Power/Total_TruePower\""
                      },
                      "type": "expr"
                    }
                  }
                },
                "props": {
                  "params": {
                    "fontSize": 16,
                    "label": "Real Power (kW)",
                    "labelAlign": "left",
                    "scale": 1000
                  },
                  "path": "Templates/Elements/InfoElementSL",
                  "style": {
                    "marginLeft": 10
                  }
                },
                "type": "ia.display.view"
              },
              {
                "meta": {
                  "name": "Element2"
                },
                "position": {
                  "basis": "50px",
                  "shrink": 0
                },
                "propConfig": {
                  "props.params.tagPath": {
                    "binding": {
                      "config": {
                        "expression": "{view.params.fullPath} + \"/Data/Totals/Power/Total_ReactivePower\""
                      },
                      "type": "expr"
                    }
                  }
                },
                "props": {
                  "params": {
                    "fontSize": 16,
                    "label": "Reactive Power (kVAr)",
                    "labelAlign": "left",
                    "scale": 1000
                  },
                  "path": "Templates/Elements/InfoElementSL",
                  "style": {
                    "marginLeft": 10
                  }
                },
                "type": "ia.display.view"
              },
              {
                "meta": {
                  "name": "Element3"
                },
                "position": {
                  "basis": "50px",
                  "shrink": 0
                },
                "propConfig": {
                  "props.params.tagPath": {
                    "binding": {
                      "config": {
                        "expression": "{view.params.fullPath} + \"/Data/Totals/Power/Total_ApparentPower\""
                      },
                      "type": "expr"
                    }
                  }
                },
                "props": {
                  "params": {
                    "fontSize": 16,
                    "label": "Apparent Power (kVA)",
                    "labelAlign": "left",
                    "scale": 1000
                  },
                  "path": "Templates/Elements/InfoElementSL",
                  "style": {
                    "marginLeft": 10
                  }
                },
                "type": "ia.display.view"
              },
              {
                "meta": {
                  "name": "Element4"
                },
                "position": {
                  "basis": "50px",
                  "shrink": 0
                },
                "propConfig": {
                  "props.params.tagPath": {
                    "binding": {
                      "config": {
                        "expression": "{view.params.fullPath} + \"/Data/Totals/Power/Total_PowerFactor\""
                      },
                      "type": "expr"
                    }
                  }
                },
                "props": {
                  "params": {
                    "fontSize": 16,
                    "label": "Power Factor",
                    "labelAlign": "left"
                  },
                  "path": "Templates/Elements/InfoElementSL",
                  "style": {
                    "marginLeft": 10
                  }
                },
                "type": "ia.display.view"
              }
            ],
            "meta": {
              "name": "Total Power"
            },
            "position": {
              "shrink": 0
            },
            "props": {
              "direction": "column",
              "style": {
                "borderBottomLeftRadius": 10,
                "borderBottomRightRadius": 10,
                "borderColor": "#808080",
                "borderStyle": "solid",
                "borderTopLeftRadius": 10,
                "borderTopRightRadius": 10,
                "boxShadow": "2px 2px 4px #808080",
                "marginBottom": 10,
                "padding": 5
              }
            },
            "type": "ia.container.flex"
          },
          {
            "children": [
              {
                "meta": {
                  "name": "Label"
                },
                "position": {
                  "basis": "50px"
                },
                "props": {
                  "style": {
                    "backgroundColor": "#808080",
                    "boxShadow": "1px 1px 4px #2B2B2B",
                    "color": "#FFFFFF",
                    "fontSize": 20,
                    "fontWeight": "bold",
                    "margin": -5,
                    "marginBottom": 5,
                    "padding": 5
                  },
                  "text": "Total Energy"
                },
                "type": "ia.display.label"
              },
              {
                "meta": {
                  "name": "Element1"
                },
                "position": {
                  "basis": "50px",
                  "shrink": 0
                },
                "propConfig": {
                  "props.params.tagPath": {
                    "binding": {
                      "config": {
                        "expression": "{view.params.fullPath} + \"/Data/Totals/Energy/Total_NetEnergy\""
                      },
                      "type": "expr"
                    }
                  }
                },
                "props": {
                  "params": {
                    "fontSize": 16,
                    "label": "Net Energy (kWh)",
                    "labelAlign": "left"
                  },
                  "path": "Templates/Elements/InfoElementSL",
                  "style": {
                    "marginLeft": 10
                  }
                },
                "type": "ia.display.view"
              },
              {
                "meta": {
                  "name": "Element7"
                },
                "position": {
                  "basis": "50px",
                  "shrink": 0
                },
                "propConfig": {
                  "props.params.tagPath": {
                    "binding": {
                      "config": {
                        "expression": "{view.params.fullPath} + \"/Data/Totals/Energy/Total_UnsignedEnergy\""
                      },
                      "type": "expr"
                    }
                  }
                },
                "props": {
                  "params": {
                    "fontSize": 16,
                    "label": "Unsigned Energy (kWh)",
                    "labelAlign": "left"
                  },
                  "path": "Templates/Elements/InfoElementSL",
                  "style": {
                    "marginLeft": 10
                  }
                },
                "type": "ia.display.view"
              },
              {
                "meta": {
                  "name": "Element8"
                },
                "position": {
                  "basis": "50px",
                  "shrink": 0
                },
                "propConfig": {
                  "props.params.tagPath": {
                    "binding": {
                      "config": {
                        "expression": "{view.params.fullPath} + \"/Data/Totals/Energy/Total_PositiveEnergy\""
                      },
                      "type": "expr"
                    }
                  }
                },
                "props": {
                  "params": {
                    "fontSize": 16,
                    "label": "Positive Energy (kWh)",
                    "labelAlign": "left"
                  },
                  "path": "Templates/Elements/InfoElementSL",
                  "style": {
                    "marginLeft": 10
                  }
                },
                "type": "ia.display.view"
              },
              {
                "meta": {
                  "name": "Element9"
                },
                "position": {
                  "basis": "50px",
                  "shrink": 0
                },
                "propConfig": {
                  "props.params.tagPath": {
                    "binding": {
                      "config": {
                        "expression": "{view.params.fullPath} + \"/Data/Totals/Energy/Total_NegativeEnergy\""
                      },
                      "type": "expr"
                    }
                  }
                },
                "props": {
                  "params": {
                    "fontSize": 16,
                    "label": "Negative Energy (kWh)",
                    "labelAlign": "left"
                  },
                  "path": "Templates/Elements/InfoElementSL",
                  "style": {
                    "marginLeft": 10
                  }
                },
                "type": "ia.display.view"
              },
              {
                "meta": {
                  "name": "Element10"
                },
                "position": {
                  "basis": "50px",
                  "shrink": 0
                },
                "propConfig": {
                  "props.params.tagPath": {
                    "binding": {
                      "config": {
                        "expression": "{view.params.fullPath} + \"/Data/Totals/Energy/Total_NetReactiveEnergy\""
                      },
                      "type": "expr"
                    }
                  }
                },
                "props": {
                  "params": {
                    "fontSize": 16,
                    "label": "Net Reactive Energy (kVArh)",
                    "labelAlign": "left"
                  },
                  "path": "Templates/Elements/InfoElementSL",
                  "style": {
                    "marginLeft": 10
                  }
                },
                "type": "ia.display.view"
              },
              {
                "meta": {
                  "name": "Element11"
                },
                "position": {
                  "basis": "50px",
                  "shrink": 0
                },
                "propConfig": {
                  "props.params.tagPath": {
                    "binding": {
                      "config": {
                        "expression": "{view.params.fullPath} + \"/Data/Totals/Energy/Total_NetApparentEnergy\""
                      },
                      "type": "expr"
                    }
                  }
                },
                "props": {
                  "params": {
                    "fontSize": 16,
                    "label": "Net Apparent Energy (kWh)",
                    "labelAlign": "left"
                  },
                  "path": "Templates/Elements/InfoElementSL",
                  "style": {
                    "marginLeft": 10
                  }
                },
                "type": "ia.display.view"
              }
            ],
            "meta": {
              "name": "Total Energy"
            },
            "position": {
              "shrink": 0
            },
            "props": {
              "direction": "column",
              "style": {
                "borderBottomLeftRadius": 10,
                "borderBottomRightRadius": 10,
                "borderColor": "#808080",
                "borderStyle": "solid",
                "borderTopLeftRadius": 10,
                "borderTopRightRadius": 10,
                "boxShadow": "2px 2px 4px #808080",
                "marginBottom": 10,
                "padding": 5
              }
            },
            "type": "ia.container.flex"
          },
          {
            "children": [
              {
                "meta": {
                  "name": "Label"
                },
                "position": {
                  "basis": "50px"
                },
                "props": {
                  "style": {
                    "backgroundColor": "#808080",
                    "boxShadow": "1px 1px 4px #2B2B2B",
                    "color": "#FFFFFF",
                    "fontSize": 20,
                    "fontWeight": "bold",
                    "margin": -5,
                    "marginBottom": 5,
                    "padding": 5
                  },
                  "text": "Interval Data 15 Minute"
                },
                "type": "ia.display.label"
              },
              {
                "meta": {
                  "name": "Element1"
                },
                "position": {
                  "basis": "50px",
                  "shrink": 0
                },
                "propConfig": {
                  "props.params.value": {
                    "binding": {
                      "config": {
                        "fallbackDelay": 2.5,
                        "mode": "indirect",
                        "references": {
                          "fullPath": "{view.params.fullPath}"
                        },
                        "tagPath": "{fullPath}/Data/Totals/Energy/Intervals/Total_kWh_Current_15min_Interval"
                      },
                      "transforms": [
                        {
                          "expression": "{value}*4",
                          "type": "expression"
                        }
                      ],
                      "type": "tag"
                    }
                  }
                },
                "props": {
                  "params": {
                    "fontSize": 16,
                    "label": "Demand (kW)",
                    "labelAlign": "left"
                  },
                  "path": "Templates/Elements/InfoElement",
                  "style": {
                    "marginLeft": 10
                  }
                },
                "type": "ia.display.view"
              },
              {
                "meta": {
                  "name": "Element2"
                },
                "position": {
                  "basis": "50px",
                  "shrink": 0
                },
                "propConfig": {
                  "props.params.tagPath": {
                    "binding": {
                      "config": {
                        "expression": "{view.params.fullPath} + \"/DashboardSettings/IntervalData/Power15minAverage\""
                      },
                      "type": "expr"
                    }
                  }
                },
                "props": {
                  "params": {
                    "fontSize": 16,
                    "label": "Demand (kW)",
                    "labelAlign": "left"
                  },
                  "path": "Templates/Elements/InfoElementSL",
                  "style": {
                    "marginLeft": 10
                  }
                },
                "type": "ia.display.view"
              }
            ],
            "meta": {
              "name": "Interval Data 15 Minute"
            },
            "position": {
              "shrink": 0
            },
            "props": {
              "direction": "column",
              "style": {
                "borderBottomLeftRadius": 10,
                "borderBottomRightRadius": 10,
                "borderColor": "#808080",
                "borderStyle": "solid",
                "borderTopLeftRadius": 10,
                "borderTopRightRadius": 10,
                "boxShadow": "2px 2px 4px #808080",
                "marginBottom": 10,
                "padding": 5
              }
            },
            "type": "ia.container.flex"
          }
        ],
        "meta": {
          "name": "Tab1"
        },
        "position": {
          "shrink": 0
        },
        "propConfig": {
          "position.display": {
            "binding": {
              "config": {
                "expression": "{../overviewMode.props.controlValue} \u003d 1"
              },
              "type": "expr"
            }
          }
        },
        "props": {
          "direction": "column",
          "style": {
            "margin": 10,
            "padding": 5,
            "paddingLeft": 0,
            "paddingRight": 0
          }
        },
        "type": "ia.container.flex"
      },
      {
        "children": [
          {
            "children": [
              {
                "meta": {
                  "name": "Label"
                },
                "position": {
                  "basis": "50px"
                },
                "props": {
                  "style": {
                    "backgroundColor": "#808080",
                    "boxShadow": "1px 1px 4px #2B2B2B",
                    "color": "#FFFFFF",
                    "fontSize": 20,
                    "fontWeight": "bold",
                    "margin": -5,
                    "marginBottom": 5,
                    "padding": 5
                  },
                  "text": "Phase A"
                },
                "type": "ia.display.label"
              },
              {
                "meta": {
                  "name": "Element1"
                },
                "position": {
                  "basis": "40px",
                  "shrink": 0
                },
                "propConfig": {
                  "props.params.value": {
                    "binding": {
                      "config": {
                        "fallbackDelay": 2.5,
                        "mode": "indirect",
                        "references": {
                          "fullPath": "{view.params.fullPath}"
                        },
                        "tagPath": "{fullPath}/Data/PhaseA/Power/PhA_Voltage"
                      },
                      "transforms": [
                        {
                          "expression": "round({value},3)",
                          "type": "expression"
                        }
                      ],
                      "type": "tag"
                    }
                  }
                },
                "props": {
                  "params": {
                    "fontSize": 14,
                    "label": "Voltage (Vrms)",
                    "labelAlign": "left"
                  },
                  "path": "Templates/Elements/InfoElement",
                  "style": {
                    "marginLeft": 10,
                    "overflow": "hidden"
                  }
                },
                "type": "ia.display.view"
              },
              {
                "meta": {
                  "name": "Element2"
                },
                "position": {
                  "basis": "40px",
                  "shrink": 0
                },
                "propConfig": {
                  "props.params.value": {
                    "binding": {
                      "config": {
                        "fallbackDelay": 2.5,
                        "mode": "indirect",
                        "references": {
                          "fullPath": "{view.params.fullPath}"
                        },
                        "tagPath": "{fullPath}/Data/PhaseA/Power/PhA_Current"
                      },
                      "type": "tag"
                    }
                  }
                },
                "props": {
                  "params": {
                    "fontSize": 14,
                    "label": "Current (Arms)",
                    "labelAlign": "left"
                  },
                  "path": "Templates/Elements/InfoElement",
                  "style": {
                    "marginLeft": 10,
                    "overflow": "hidden"
                  }
                },
                "type": "ia.display.view"
              },
              {
                "meta": {
                  "name": "Element3"
                },
                "position": {
                  "basis": "40px",
                  "shrink": 0
                },
                "propConfig": {
                  "props.params.value": {
                    "binding": {
                      "config": {
                        "fallbackDelay": 2.5,
                        "mode": "indirect",
                        "references": {
                          "fullPath": "{view.params.fullPath}"
                        },
                        "tagPath": "{fullPath}/Data/PhaseA/Power/PhA_TruePower"
                      },
                      "type": "tag"
                    }
                  }
                },
                "props": {
                  "params": {
                    "fontSize": 14,
                    "label": "Real Power (kW)",
                    "labelAlign": "left"
                  },
                  "path": "Templates/Elements/InfoElement",
                  "style": {
                    "marginLeft": 10,
                    "overflow": "hidden"
                  }
                },
                "type": "ia.display.view"
              },
              {
                "meta": {
                  "name": "Element4"
                },
                "position": {
                  "basis": "40px",
                  "shrink": 0
                },
                "propConfig": {
                  "props.params.value": {
                    "binding": {
                      "config": {
                        "fallbackDelay": 2.5,
                        "mode": "indirect",
                        "references": {
                          "fullPath": "{view.params.fullPath}"
                        },
                        "tagPath": "{fullPath}/Data/PhaseA/Power/PhA_ReactivePower"
                      },
                      "type": "tag"
                    }
                  }
                },
                "props": {
                  "params": {
                    "fontSize": 14,
                    "label": "Reactive Power (VkAr)",
                    "labelAlign": "left"
                  },
                  "path": "Templates/Elements/InfoElement",
                  "style": {
                    "marginLeft": 10,
                    "overflow": "hidden"
                  }
                },
                "type": "ia.display.view"
              },
              {
                "meta": {
                  "name": "Element5"
                },
                "position": {
                  "basis": "40px",
                  "shrink": 0
                },
                "propConfig": {
                  "props.params.value": {
                    "binding": {
                      "config": {
                        "fallbackDelay": 2.5,
                        "mode": "indirect",
                        "references": {
                          "fullPath": "{view.params.fullPath}"
                        },
                        "tagPath": "{fullPath}/Data/PhaseA/Power/PhA_ApparentPower"
                      },
                      "type": "tag"
                    }
                  }
                },
                "props": {
                  "params": {
                    "fontSize": 14,
                    "label": "Apparent Power (kVA)",
                    "labelAlign": "left"
                  },
                  "path": "Templates/Elements/InfoElement",
                  "style": {
                    "marginLeft": 10,
                    "overflow": "hidden"
                  }
                },
                "type": "ia.display.view"
              },
              {
                "meta": {
                  "name": "Element6"
                },
                "position": {
                  "basis": "40px",
                  "shrink": 0
                },
                "propConfig": {
                  "props.params.value": {
                    "binding": {
                      "config": {
                        "fallbackDelay": 2.5,
                        "mode": "indirect",
                        "references": {
                          "fullPath": "{view.params.fullPath}"
                        },
                        "tagPath": "{fullPath}/Data/PhaseA/Power/PhA_PowerFactor"
                      },
                      "type": "tag"
                    }
                  }
                },
                "props": {
                  "params": {
                    "fontSize": 14,
                    "label": "Power Factor",
                    "labelAlign": "left"
                  },
                  "path": "Templates/Elements/InfoElement",
                  "style": {
                    "marginLeft": 10,
                    "overflow": "hidden"
                  }
                },
                "type": "ia.display.view"
              },
              {
                "meta": {
                  "name": "Element7"
                },
                "position": {
                  "basis": "40px",
                  "shrink": 0
                },
                "propConfig": {
                  "props.params.value": {
                    "binding": {
                      "config": {
                        "fallbackDelay": 2.5,
                        "mode": "indirect",
                        "references": {
                          "fullPath": "{view.params.fullPath}"
                        },
                        "tagPath": "{fullPath}/Data/PhaseA/Power/PhA_Frequency"
                      },
                      "type": "tag"
                    }
                  }
                },
                "props": {
                  "params": {
                    "fontSize": 14,
                    "label": "Frequency (Hz)",
                    "labelAlign": "left"
                  },
                  "path": "Templates/Elements/InfoElement",
                  "style": {
                    "marginLeft": 10,
                    "overflow": "hidden"
                  }
                },
                "type": "ia.display.view"
              },
              {
                "meta": {
                  "name": "Element8"
                },
                "position": {
                  "basis": "40px",
                  "shrink": 0
                },
                "propConfig": {
                  "props.params.value": {
                    "binding": {
                      "config": {
                        "fallbackDelay": 2.5,
                        "mode": "indirect",
                        "references": {
                          "fullPath": "{view.params.fullPath}"
                        },
                        "tagPath": "{fullPath}/Data/PhaseA/Energy/PhA_NetEnergy"
                      },
                      "type": "tag"
                    }
                  }
                },
                "props": {
                  "params": {
                    "fontSize": 14,
                    "label": "Net Real Energy (kWh)",
                    "labelAlign": "left"
                  },
                  "path": "Templates/Elements/InfoElement",
                  "style": {
                    "marginLeft": 10,
                    "overflow": "hidden"
                  }
                },
                "type": "ia.display.view"
              },
              {
                "meta": {
                  "name": "Element9"
                },
                "position": {
                  "basis": "40px",
                  "shrink": 0
                },
                "propConfig": {
                  "props.params.value": {
                    "binding": {
                      "config": {
                        "fallbackDelay": 2.5,
                        "mode": "indirect",
                        "references": {
                          "fullPath": "{view.params.fullPath}"
                        },
                        "tagPath": "{fullPath}/Data/PhaseA/Energy/PhA_NetReactiveEnergy"
                      },
                      "type": "tag"
                    }
                  }
                },
                "props": {
                  "params": {
                    "fontSize": 14,
                    "label": "Net Reactive Energy (kVArh)",
                    "labelAlign": "left"
                  },
                  "path": "Templates/Elements/InfoElement",
                  "style": {
                    "marginLeft": 10,
                    "overflow": "hidden"
                  }
                },
                "type": "ia.display.view"
              },
              {
                "meta": {
                  "name": "Element10"
                },
                "position": {
                  "basis": "40px",
                  "shrink": 0
                },
                "propConfig": {
                  "props.params.value": {
                    "binding": {
                      "config": {
                        "fallbackDelay": 2.5,
                        "mode": "indirect",
                        "references": {
                          "fullPath": "{view.params.fullPath}"
                        },
                        "tagPath": "{fullPath}/Data/PhaseA/Energy/PhA_ApparentEnergy"
                      },
                      "type": "tag"
                    }
                  }
                },
                "props": {
                  "params": {
                    "fontSize": 14,
                    "label": "Net Apparent Energy (kVArh)",
                    "labelAlign": "left"
                  },
                  "path": "Templates/Elements/InfoElement",
                  "style": {
                    "marginLeft": 10,
                    "overflow": "hidden"
                  }
                },
                "type": "ia.display.view"
              }
            ],
            "meta": {
              "name": "PhaseA"
            },
            "position": {
              "shrink": 0
            },
            "props": {
              "direction": "column",
              "style": {
                "borderBottomLeftRadius": 10,
                "borderBottomRightRadius": 10,
                "borderColor": "#808080",
                "borderStyle": "solid",
                "borderTopLeftRadius": 10,
                "borderTopRightRadius": 10,
                "boxShadow": "2px 2px 4px #808080",
                "marginBottom": 10,
                "padding": 5
              }
            },
            "type": "ia.container.flex"
          },
          {
            "children": [
              {
                "meta": {
                  "name": "Label"
                },
                "position": {
                  "basis": "50px"
                },
                "props": {
                  "style": {
                    "backgroundColor": "#808080",
                    "boxShadow": "1px 1px 4px #2B2B2B",
                    "color": "#FFFFFF",
                    "fontSize": 20,
                    "fontWeight": "bold",
                    "margin": -5,
                    "marginBottom": 5,
                    "padding": 5
                  },
                  "text": "Phase B"
                },
                "type": "ia.display.label"
              },
              {
                "meta": {
                  "name": "Element1"
                },
                "position": {
                  "basis": "40px",
                  "shrink": 0
                },
                "propConfig": {
                  "props.params.value": {
                    "binding": {
                      "config": {
                        "fallbackDelay": 2.5,
                        "mode": "indirect",
                        "references": {
                          "fullPath": "{view.params.fullPath}"
                        },
                        "tagPath": "{fullPath}/Data/PhaseA/Power/PhA_Voltage"
                      },
                      "type": "tag"
                    }
                  }
                },
                "props": {
                  "params": {
                    "fontSize": 14,
                    "label": "Voltage (Vrms)",
                    "labelAlign": "left"
                  },
                  "path": "Templates/Elements/InfoElement",
                  "style": {
                    "marginLeft": 10,
                    "overflow": "visible"
                  }
                },
                "type": "ia.display.view"
              },
              {
                "meta": {
                  "name": "Element2"
                },
                "position": {
                  "basis": "40px",
                  "shrink": 0
                },
                "propConfig": {
                  "props.params.value": {
                    "binding": {
                      "config": {
                        "fallbackDelay": 2.5,
                        "mode": "indirect",
                        "references": {
                          "fullPath": "{view.params.fullPath}"
                        },
                        "tagPath": "{fullPath}/Data/PhaseA/Power/PhA_Current"
                      },
                      "type": "tag"
                    }
                  }
                },
                "props": {
                  "params": {
                    "fontSize": 14,
                    "label": "Current (Arms)",
                    "labelAlign": "left"
                  },
                  "path": "Templates/Elements/InfoElement",
                  "style": {
                    "marginLeft": 10,
                    "overflow": "visible"
                  }
                },
                "type": "ia.display.view"
              },
              {
                "meta": {
                  "name": "Element3"
                },
                "position": {
                  "basis": "40px",
                  "shrink": 0
                },
                "propConfig": {
                  "props.params.value": {
                    "binding": {
                      "config": {
                        "fallbackDelay": 2.5,
                        "mode": "indirect",
                        "references": {
                          "fullPath": "{view.params.fullPath}"
                        },
                        "tagPath": "{fullPath}/Data/PhaseA/Power/PhA_TruePower"
                      },
                      "type": "tag"
                    }
                  }
                },
                "props": {
                  "params": {
                    "fontSize": 14,
                    "label": "Real Power (kW)",
                    "labelAlign": "left"
                  },
                  "path": "Templates/Elements/InfoElement",
                  "style": {
                    "marginLeft": 10,
                    "overflow": "visible"
                  }
                },
                "type": "ia.display.view"
              },
              {
                "meta": {
                  "name": "Element4"
                },
                "position": {
                  "basis": "40px",
                  "shrink": 0
                },
                "propConfig": {
                  "props.params.value": {
                    "binding": {
                      "config": {
                        "fallbackDelay": 2.5,
                        "mode": "indirect",
                        "references": {
                          "fullPath": "{view.params.fullPath}"
                        },
                        "tagPath": "{fullPath}/Data/PhaseA/Power/PhA_ReactivePower"
                      },
                      "type": "tag"
                    }
                  }
                },
                "props": {
                  "params": {
                    "fontSize": 14,
                    "label": "Reactive Power (kVAr)",
                    "labelAlign": "left"
                  },
                  "path": "Templates/Elements/InfoElement",
                  "style": {
                    "marginLeft": 10,
                    "overflow": "visible"
                  }
                },
                "type": "ia.display.view"
              },
              {
                "meta": {
                  "name": "Element5"
                },
                "position": {
                  "basis": "40px",
                  "shrink": 0
                },
                "propConfig": {
                  "props.params.value": {
                    "binding": {
                      "config": {
                        "fallbackDelay": 2.5,
                        "mode": "indirect",
                        "references": {
                          "fullPath": "{view.params.fullPath}"
                        },
                        "tagPath": "{fullPath}/Data/PhaseA/Power/PhA_ApparentPower"
                      },
                      "type": "tag"
                    }
                  }
                },
                "props": {
                  "params": {
                    "fontSize": 14,
                    "label": "Apparent Power (kVA)",
                    "labelAlign": "left"
                  },
                  "path": "Templates/Elements/InfoElement",
                  "style": {
                    "marginLeft": 10,
                    "overflow": "visible"
                  }
                },
                "type": "ia.display.view"
              },
              {
                "meta": {
                  "name": "Element6"
                },
                "position": {
                  "basis": "40px",
                  "shrink": 0
                },
                "propConfig": {
                  "props.params.value": {
                    "binding": {
                      "config": {
                        "fallbackDelay": 2.5,
                        "mode": "indirect",
                        "references": {
                          "fullPath": "{view.params.fullPath}"
                        },
                        "tagPath": "{fullPath}/Data/PhaseA/Power/PhA_PowerFactor"
                      },
                      "type": "tag"
                    }
                  }
                },
                "props": {
                  "params": {
                    "fontSize": 14,
                    "label": "Power Factor",
                    "labelAlign": "left"
                  },
                  "path": "Templates/Elements/InfoElement",
                  "style": {
                    "marginLeft": 10,
                    "overflow": "visible"
                  }
                },
                "type": "ia.display.view"
              },
              {
                "meta": {
                  "name": "Element7"
                },
                "position": {
                  "basis": "40px",
                  "shrink": 0
                },
                "propConfig": {
                  "props.params.value": {
                    "binding": {
                      "config": {
                        "fallbackDelay": 2.5,
                        "mode": "indirect",
                        "references": {
                          "fullPath": "{view.params.fullPath}"
                        },
                        "tagPath": "{fullPath}/Data/PhaseA/Power/PhA_Frequency"
                      },
                      "type": "tag"
                    }
                  }
                },
                "props": {
                  "params": {
                    "fontSize": 14,
                    "label": "Frequency (Hz)",
                    "labelAlign": "left"
                  },
                  "path": "Templates/Elements/InfoElement",
                  "style": {
                    "marginLeft": 10,
                    "overflow": "visible"
                  }
                },
                "type": "ia.display.view"
              },
              {
                "meta": {
                  "name": "Element8"
                },
                "position": {
                  "basis": "40px",
                  "shrink": 0
                },
                "propConfig": {
                  "props.params.value": {
                    "binding": {
                      "config": {
                        "fallbackDelay": 2.5,
                        "mode": "indirect",
                        "references": {
                          "fullPath": "{view.params.fullPath}"
                        },
                        "tagPath": "{fullPath}/Data/PhaseA/Energy/PhA_NetEnergy"
                      },
                      "type": "tag"
                    }
                  }
                },
                "props": {
                  "params": {
                    "fontSize": 14,
                    "label": "Net Real Energy (kWh)",
                    "labelAlign": "left"
                  },
                  "path": "Templates/Elements/InfoElement",
                  "style": {
                    "marginLeft": 10,
                    "overflow": "visible"
                  }
                },
                "type": "ia.display.view"
              },
              {
                "meta": {
                  "name": "Element9"
                },
                "position": {
                  "basis": "40px",
                  "shrink": 0
                },
                "propConfig": {
                  "props.params.value": {
                    "binding": {
                      "config": {
                        "fallbackDelay": 2.5,
                        "mode": "indirect",
                        "references": {
                          "fullPath": "{view.params.fullPath}"
                        },
                        "tagPath": "{fullPath}/Data/PhaseA/Energy/PhA_NetReactiveEnergy"
                      },
                      "type": "tag"
                    }
                  }
                },
                "props": {
                  "params": {
                    "fontSize": 14,
                    "label": "Net Reactive Energy (kVArh)",
                    "labelAlign": "left"
                  },
                  "path": "Templates/Elements/InfoElement",
                  "style": {
                    "marginLeft": 10,
                    "overflow": "visible"
                  }
                },
                "type": "ia.display.view"
              },
              {
                "meta": {
                  "name": "Element10"
                },
                "position": {
                  "basis": "40px",
                  "shrink": 0
                },
                "propConfig": {
                  "props.params.value": {
                    "binding": {
                      "config": {
                        "fallbackDelay": 2.5,
                        "mode": "indirect",
                        "references": {
                          "fullPath": "{view.params.fullPath}"
                        },
                        "tagPath": "{fullPath}/Data/PhaseA/Energy/PhA_ApparentEnergy"
                      },
                      "type": "tag"
                    }
                  }
                },
                "props": {
                  "params": {
                    "fontSize": 14,
                    "label": "Net Apparent Energy (kVArh)",
                    "labelAlign": "left"
                  },
                  "path": "Templates/Elements/InfoElement",
                  "style": {
                    "marginLeft": 10,
                    "overflow": "visible"
                  }
                },
                "type": "ia.display.view"
              }
            ],
            "meta": {
              "name": "PhaseB"
            },
            "position": {
              "shrink": 0
            },
            "props": {
              "direction": "column",
              "style": {
                "borderBottomLeftRadius": 10,
                "borderBottomRightRadius": 10,
                "borderColor": "#808080",
                "borderStyle": "solid",
                "borderTopLeftRadius": 10,
                "borderTopRightRadius": 10,
                "boxShadow": "2px 2px 4px #808080",
                "marginBottom": 10,
                "padding": 5
              }
            },
            "type": "ia.container.flex"
          },
          {
            "children": [
              {
                "meta": {
                  "name": "Label"
                },
                "position": {
                  "basis": "50px"
                },
                "props": {
                  "style": {
                    "backgroundColor": "#808080",
                    "boxShadow": "1px 1px 4px #2B2B2B",
                    "color": "#FFFFFF",
                    "fontSize": 20,
                    "fontWeight": "bold",
                    "margin": -5,
                    "marginBottom": 5,
                    "padding": 5
                  },
                  "text": "Phase C"
                },
                "type": "ia.display.label"
              },
              {
                "meta": {
                  "name": "Element1"
                },
                "position": {
                  "basis": "45px",
                  "shrink": 0
                },
                "propConfig": {
                  "props.params.value": {
                    "binding": {
                      "config": {
                        "fallbackDelay": 2.5,
                        "mode": "indirect",
                        "references": {
                          "fullPath": "{view.params.fullPath}"
                        },
                        "tagPath": "{fullPath}/Data/PhaseA/Power/PhA_Voltage"
                      },
                      "type": "tag"
                    }
                  }
                },
                "props": {
                  "params": {
                    "fontSize": 14,
                    "label": "Voltage (Vrms)",
                    "labelAlign": "left"
                  },
                  "path": "Templates/Elements/InfoElement",
                  "style": {
                    "marginLeft": 10,
                    "overflow": "visible"
                  }
                },
                "type": "ia.display.view"
              },
              {
                "meta": {
                  "name": "Element2"
                },
                "position": {
                  "basis": "45px",
                  "shrink": 0
                },
                "propConfig": {
                  "props.params.value": {
                    "binding": {
                      "config": {
                        "fallbackDelay": 2.5,
                        "mode": "indirect",
                        "references": {
                          "fullPath": "{view.params.fullPath}"
                        },
                        "tagPath": "{fullPath}/Data/PhaseA/Power/PhA_Current"
                      },
                      "type": "tag"
                    }
                  }
                },
                "props": {
                  "params": {
                    "fontSize": 14,
                    "label": "Current (Arms)",
                    "labelAlign": "left"
                  },
                  "path": "Templates/Elements/InfoElement",
                  "style": {
                    "marginLeft": 10,
                    "overflow": "visible"
                  }
                },
                "type": "ia.display.view"
              },
              {
                "meta": {
                  "name": "Element3"
                },
                "position": {
                  "basis": "45px",
                  "shrink": 0
                },
                "propConfig": {
                  "props.params.value": {
                    "binding": {
                      "config": {
                        "fallbackDelay": 2.5,
                        "mode": "indirect",
                        "references": {
                          "fullPath": "{view.params.fullPath}"
                        },
                        "tagPath": "{fullPath}/Data/PhaseA/Power/PhA_TruePower"
                      },
                      "type": "tag"
                    }
                  }
                },
                "props": {
                  "params": {
                    "fontSize": 14,
                    "label": "Real Power (lW)",
                    "labelAlign": "left"
                  },
                  "path": "Templates/Elements/InfoElement",
                  "style": {
                    "marginLeft": 10,
                    "overflow": "visible"
                  }
                },
                "type": "ia.display.view"
              },
              {
                "meta": {
                  "name": "Element4"
                },
                "position": {
                  "basis": "45px",
                  "shrink": 0
                },
                "propConfig": {
                  "props.params.value": {
                    "binding": {
                      "config": {
                        "fallbackDelay": 2.5,
                        "mode": "indirect",
                        "references": {
                          "fullPath": "{view.params.fullPath}"
                        },
                        "tagPath": "{fullPath}/Data/PhaseA/Power/PhA_ReactivePower"
                      },
                      "type": "tag"
                    }
                  }
                },
                "props": {
                  "params": {
                    "fontSize": 14,
                    "label": "Reactive Power (kVAr)",
                    "labelAlign": "left"
                  },
                  "path": "Templates/Elements/InfoElement",
                  "style": {
                    "marginLeft": 10,
                    "overflow": "visible"
                  }
                },
                "type": "ia.display.view"
              },
              {
                "meta": {
                  "name": "Element5"
                },
                "position": {
                  "basis": "45px",
                  "shrink": 0
                },
                "propConfig": {
                  "props.params.value": {
                    "binding": {
                      "config": {
                        "fallbackDelay": 2.5,
                        "mode": "indirect",
                        "references": {
                          "fullPath": "{view.params.fullPath}"
                        },
                        "tagPath": "{fullPath}/Data/PhaseA/Power/PhA_ApparentPower"
                      },
                      "type": "tag"
                    }
                  }
                },
                "props": {
                  "params": {
                    "fontSize": 14,
                    "label": "Apparent Power (kVA)",
                    "labelAlign": "left"
                  },
                  "path": "Templates/Elements/InfoElement",
                  "style": {
                    "marginLeft": 10,
                    "overflow": "visible"
                  }
                },
                "type": "ia.display.view"
              },
              {
                "meta": {
                  "name": "Element6"
                },
                "position": {
                  "basis": "45px",
                  "shrink": 0
                },
                "propConfig": {
                  "props.params.value": {
                    "binding": {
                      "config": {
                        "fallbackDelay": 2.5,
                        "mode": "indirect",
                        "references": {
                          "fullPath": "{view.params.fullPath}"
                        },
                        "tagPath": "{fullPath}/Data/PhaseA/Power/PhA_PowerFactor"
                      },
                      "type": "tag"
                    }
                  }
                },
                "props": {
                  "params": {
                    "fontSize": 14,
                    "label": "Power Factor",
                    "labelAlign": "left"
                  },
                  "path": "Templates/Elements/InfoElement",
                  "style": {
                    "marginLeft": 10,
                    "overflow": "visible"
                  }
                },
                "type": "ia.display.view"
              },
              {
                "meta": {
                  "name": "Element7"
                },
                "position": {
                  "basis": "45px",
                  "shrink": 0
                },
                "propConfig": {
                  "props.params.value": {
                    "binding": {
                      "config": {
                        "fallbackDelay": 2.5,
                        "mode": "indirect",
                        "references": {
                          "fullPath": "{view.params.fullPath}"
                        },
                        "tagPath": "{fullPath}/Data/PhaseA/Power/PhA_Frequency"
                      },
                      "type": "tag"
                    }
                  }
                },
                "props": {
                  "params": {
                    "fontSize": 14,
                    "label": "Frequency (Hz)",
                    "labelAlign": "left"
                  },
                  "path": "Templates/Elements/InfoElement",
                  "style": {
                    "marginLeft": 10,
                    "overflow": "visible"
                  }
                },
                "type": "ia.display.view"
              },
              {
                "meta": {
                  "name": "Element8"
                },
                "position": {
                  "basis": "45px",
                  "shrink": 0
                },
                "propConfig": {
                  "props.params.value": {
                    "binding": {
                      "config": {
                        "fallbackDelay": 2.5,
                        "mode": "indirect",
                        "references": {
                          "fullPath": "{view.params.fullPath}"
                        },
                        "tagPath": "{fullPath}/Data/PhaseA/Energy/PhA_NetEnergy"
                      },
                      "type": "tag"
                    }
                  }
                },
                "props": {
                  "params": {
                    "fontSize": 14,
                    "label": "Net Real Energy (kWh)",
                    "labelAlign": "left"
                  },
                  "path": "Templates/Elements/InfoElement",
                  "style": {
                    "marginLeft": 10,
                    "overflow": "visible"
                  }
                },
                "type": "ia.display.view"
              },
              {
                "meta": {
                  "name": "Element9"
                },
                "position": {
                  "basis": "45px",
                  "shrink": 0
                },
                "propConfig": {
                  "props.params.value": {
                    "binding": {
                      "config": {
                        "fallbackDelay": 2.5,
                        "mode": "indirect",
                        "references": {
                          "fullPath": "{view.params.fullPath}"
                        },
                        "tagPath": "{fullPath}/Data/PhaseA/Energy/PhA_NetReactiveEnergy"
                      },
                      "type": "tag"
                    }
                  }
                },
                "props": {
                  "params": {
                    "fontSize": 14,
                    "label": "Net Reactive Energy (kVArh)",
                    "labelAlign": "left"
                  },
                  "path": "Templates/Elements/InfoElement",
                  "style": {
                    "marginLeft": 10,
                    "overflow": "visible"
                  }
                },
                "type": "ia.display.view"
              },
              {
                "meta": {
                  "name": "Element10"
                },
                "position": {
                  "basis": "45px",
                  "shrink": 0
                },
                "propConfig": {
                  "props.params.value": {
                    "binding": {
                      "config": {
                        "fallbackDelay": 2.5,
                        "mode": "indirect",
                        "references": {
                          "fullPath": "{view.params.fullPath}"
                        },
                        "tagPath": "{fullPath}/Data/PhaseA/Energy/PhA_ApparentEnergy"
                      },
                      "type": "tag"
                    }
                  }
                },
                "props": {
                  "params": {
                    "fontSize": 14,
                    "label": "Net Apparent Energy (kVArh)",
                    "labelAlign": "left"
                  },
                  "path": "Templates/Elements/InfoElement",
                  "style": {
                    "marginLeft": 10,
                    "overflow": "visible"
                  }
                },
                "type": "ia.display.view"
              }
            ],
            "meta": {
              "name": "PhaseC"
            },
            "position": {
              "shrink": 0
            },
            "props": {
              "direction": "column",
              "style": {
                "borderBottomLeftRadius": 10,
                "borderBottomRightRadius": 10,
                "borderColor": "#808080",
                "borderStyle": "solid",
                "borderTopLeftRadius": 10,
                "borderTopRightRadius": 10,
                "boxShadow": "2px 2px 4px #808080",
                "marginBottom": 10,
                "padding": 5
              }
            },
            "type": "ia.container.flex"
          }
        ],
        "meta": {
          "name": "Tab2"
        },
        "position": {
          "shrink": 0
        },
        "propConfig": {
          "position.display": {
            "binding": {
              "config": {
                "expression": "{../overviewMode.props.controlValue} \u003d 2"
              },
              "type": "expr"
            }
          }
        },
        "props": {
          "direction": "column",
          "style": {
            "margin": 10,
            "padding": 5,
            "paddingLeft": 0,
            "paddingRight": 0
          }
        },
        "type": "ia.container.flex"
      },
      {
        "meta": {
          "name": "Label"
        },
        "position": {
          "basis": "32px",
          "display": false
        },
        "propConfig": {
          "props.text": {
            "binding": {
              "config": {
                "path": "view.params.fullPath"
              },
              "type": "property"
            }
          }
        },
        "type": "ia.display.label"
      }
    ],
    "meta": {
      "name": "root"
    },
    "props": {
      "direction": "column"
    },
    "type": "ia.container.flex"
  }
}