{
  "custom": {},
  "params": {
    "tagpath": "[ESN]Opto22"
  },
  "propConfig": {
    "params.tagpath": {
      "paramDirection": "input",
      "persistent": true
    }
  },
  "props": {
    "defaultSize": {
      "height": 440,
      "width": 767
    }
  },
  "root": {
    "children": [
      {
        "children": [
          {
            "children": [
              {
                "children": [
                  {
                    "meta": {
                      "name": "Label"
                    },
                    "position": {
                      "basis": "200px"
                    },
                    "props": {
                      "style": {
                        "classes": "All_Text/Base_Text"
                      },
                      "text": "Electric Rates"
                    },
                    "type": "ia.display.label"
                  }
                ],
                "meta": {
                  "name": "FlexContainer"
                },
                "position": {
                  "basis": "58px"
                },
                "props": {
                  "style": {
                    "classes": "All_Text/Header_Text",
                    "marginLeft": 10,
                    "paddingLeft": 10
                  }
                },
                "type": "ia.container.flex"
              },
              {
                "children": [
                  {
                    "meta": {
                      "name": "Label"
                    },
                    "position": {
                      "basis": "200px"
                    },
                    "props": {
                      "style": {
                        "classes": "All_Text/Base_Text"
                      },
                      "text": "Energy Charge"
                    },
                    "type": "ia.display.label"
                  },
                  {
                    "meta": {
                      "name": "NumericEntryField"
                    },
                    "position": {
                      "basis": "91px"
                    },
                    "propConfig": {
                      "props.value": {
                        "binding": {
                          "config": {
                            "bidirectional": true,
                            "fallbackDelay": 2.5,
                            "mode": "indirect",
                            "references": {
                              "tagpath": "{view.params.tagpath}"
                            },
                            "tagPath": "{tagpath}/Company/EnergyBill/EnergyCharge"
                          },
                          "type": "tag"
                        }
                      }
                    },
                    "props": {
                      "containerStyle": {
                        "margin": 5
                      },
                      "format": "$0,0.00",
                      "spinner": {
                        "enabled": false
                      },
                      "style": {
                        "classes": "All_Text/Input_Text",
                        "margin": 5,
                        "padding": 5
                      }
                    },
                    "type": "ia.input.numeric-entry-field"
                  },
                  {
                    "meta": {
                      "name": "Label_0"
                    },
                    "position": {
                      "basis": "68px"
                    },
                    "props": {
                      "style": {
                        "classes": "All_Text/Base_Text"
                      },
                      "text": "/kWh",
                      "textStyle": {
                        "classes": "All_Text/Input_units_text_small"
                      }
                    },
                    "type": "ia.display.label"
                  }
                ],
                "meta": {
                  "name": "FlexContainer_0"
                },
                "position": {
                  "basis": "40px"
                },
                "props": {
                  "style": {
                    "marginLeft": 10,
                    "marginRight": 10,
                    "paddingLeft": 10,
                    "paddingRight": 10
                  }
                },
                "type": "ia.container.flex"
              },
              {
                "children": [
                  {
                    "meta": {
                      "name": "Label"
                    },
                    "position": {
                      "basis": "225px"
                    },
                    "props": {
                      "style": {
                        "classes": "All_Text/Base_Text"
                      },
                      "text": "Demand Charge"
                    },
                    "type": "ia.display.label"
                  },
                  {
                    "meta": {
                      "name": "NumericEntryField"
                    },
                    "position": {
                      "basis": "96px"
                    },
                    "propConfig": {
                      "props.value": {
                        "binding": {
                          "config": {
                            "bidirectional": true,
                            "fallbackDelay": 2.5,
                            "mode": "indirect",
                            "references": {
                              "tagpath": "{view.params.tagpath}"
                            },
                            "tagPath": "{tagpath}/Company/EnergyBill/DemandCharge"
                          },
                          "type": "tag"
                        }
                      }
                    },
                    "props": {
                      "containerStyle": {
                        "margin": 5
                      },
                      "format": "$0,0.00",
                      "spinner": {
                        "enabled": false
                      },
                      "style": {
                        "classes": "All_Text/Input_Text",
                        "margin": 5,
                        "padding": 5
                      }
                    },
                    "type": "ia.input.numeric-entry-field"
                  },
                  {
                    "meta": {
                      "name": "Label_0"
                    },
                    "position": {
                      "basis": "76px"
                    },
                    "props": {
                      "style": {
                        "classes": "All_Text/Input_units_text_small"
                      },
                      "text": "/kW-mo"
                    },
                    "type": "ia.display.label"
                  }
                ],
                "meta": {
                  "name": "FlexContainer_1"
                },
                "position": {
                  "basis": "40px"
                },
                "props": {
                  "style": {
                    "marginLeft": 10,
                    "marginRight": 10,
                    "paddingLeft": 10,
                    "paddingRight": 10
                  }
                },
                "type": "ia.container.flex"
              },
              {
                "children": [
                  {
                    "meta": {
                      "name": "Label"
                    },
                    "position": {
                      "basis": "217px"
                    },
                    "props": {
                      "style": {
                        "classes": "All_Text/Base_Text"
                      },
                      "text": "Peak Interval"
                    },
                    "type": "ia.display.label"
                  },
                  {
                    "meta": {
                      "name": "NumericEntryField"
                    },
                    "position": {
                      "basis": "54px"
                    },
                    "propConfig": {
                      "props.value": {
                        "binding": {
                          "config": {
                            "bidirectional": true,
                            "fallbackDelay": 2.5,
                            "mode": "indirect",
                            "references": {
                              "tagpath": "{view.params.tagpath}"
                            },
                            "tagPath": "{tagpath}/Company/EnergyBill/PeakInterval"
                          },
                          "type": "tag"
                        }
                      }
                    },
                    "props": {
                      "containerStyle": {
                        "margin": 5
                      },
                      "format": "0,0",
                      "spinner": {
                        "enabled": false
                      },
                      "style": {
                        "classes": "All_Text/Input_Text",
                        "margin": 5,
                        "padding": 5
                      }
                    },
                    "type": "ia.input.numeric-entry-field"
                  },
                  {
                    "meta": {
                      "name": "Label_0"
                    },
                    "position": {
                      "basis": "55px"
                    },
                    "props": {
                      "style": {
                        "classes": "All_Text/Input_units_text_small"
                      },
                      "text": "min"
                    },
                    "type": "ia.display.label"
                  }
                ],
                "meta": {
                  "name": "FlexContainer_2"
                },
                "position": {
                  "basis": "40px"
                },
                "props": {
                  "style": {
                    "marginLeft": 10,
                    "marginRight": 10,
                    "paddingLeft": 10,
                    "paddingRight": 10
                  }
                },
                "type": "ia.container.flex"
              }
            ],
            "meta": {
              "name": "FlexContainer"
            },
            "position": {
              "basis": "341px"
            },
            "props": {
              "direction": "column"
            },
            "type": "ia.container.flex"
          },
          {
            "children": [
              {
                "children": [
                  {
                    "meta": {
                      "name": "Label"
                    },
                    "position": {
                      "basis": "200px"
                    },
                    "props": {
                      "style": {
                        "classes": "All_Text/Base_Text"
                      },
                      "text": "Billing Cycles"
                    },
                    "type": "ia.display.label"
                  }
                ],
                "meta": {
                  "name": "FlexContainer"
                },
                "position": {
                  "basis": "58px"
                },
                "props": {
                  "style": {
                    "classes": "All_Text/Header_Text",
                    "marginLeft": 10,
                    "paddingLeft": 10
                  }
                },
                "type": "ia.container.flex"
              },
              {
                "meta": {
                  "name": "FlexRepeater"
                },
                "position": {
                  "basis": "377px"
                },
                "propConfig": {
                  "props.instances[0].settings.tagpath": {
                    "binding": {
                      "config": {
                        "path": "view.params.tagpath"
                      },
                      "type": "property"
                    }
                  },
                  "props.instances[10].settings.tagpath": {
                    "binding": {
                      "config": {
                        "path": "view.params.tagpath"
                      },
                      "type": "property"
                    }
                  },
                  "props.instances[11].settings.tagpath": {
                    "binding": {
                      "config": {
                        "path": "view.params.tagpath"
                      },
                      "type": "property"
                    }
                  },
                  "props.instances[1].settings.tagpath": {
                    "binding": {
                      "config": {
                        "path": "view.params.tagpath"
                      },
                      "type": "property"
                    }
                  },
                  "props.instances[2].settings.tagpath": {
                    "binding": {
                      "config": {
                        "path": "view.params.tagpath"
                      },
                      "type": "property"
                    }
                  },
                  "props.instances[3].settings.tagpath": {
                    "binding": {
                      "config": {
                        "path": "view.params.tagpath"
                      },
                      "type": "property"
                    }
                  },
                  "props.instances[4].settings.tagpath": {
                    "binding": {
                      "config": {
                        "path": "view.params.tagpath"
                      },
                      "type": "property"
                    }
                  },
                  "props.instances[5].settings.tagpath": {
                    "binding": {
                      "config": {
                        "path": "view.params.tagpath"
                      },
                      "type": "property"
                    }
                  },
                  "props.instances[6].settings.tagpath": {
                    "binding": {
                      "config": {
                        "path": "view.params.tagpath"
                      },
                      "type": "property"
                    }
                  },
                  "props.instances[7].settings.tagpath": {
                    "binding": {
                      "config": {
                        "path": "view.params.tagpath"
                      },
                      "type": "property"
                    }
                  },
                  "props.instances[8].settings.tagpath": {
                    "binding": {
                      "config": {
                        "path": "view.params.tagpath"
                      },
                      "type": "property"
                    }
                  },
                  "props.instances[9].settings.tagpath": {
                    "binding": {
                      "config": {
                        "path": "view.params.tagpath"
                      },
                      "type": "property"
                    }
                  }
                },
                "props": {
                  "direction": "column",
                  "instances": [
                    {
                      "settings": {
                        "MonthRow": 0
                      }
                    },
                    {
                      "settings": {
                        "MonthRow": 1
                      }
                    },
                    {
                      "settings": {
                        "MonthRow": 2
                      }
                    },
                    {
                      "settings": {
                        "MonthRow": 3
                      }
                    },
                    {
                      "settings": {
                        "MonthRow": 4
                      }
                    },
                    {
                      "settings": {
                        "MonthRow": 5
                      }
                    },
                    {
                      "settings": {
                        "MonthRow": 6
                      }
                    },
                    {
                      "settings": {
                        "MonthRow": 7
                      }
                    },
                    {
                      "settings": {
                        "MonthRow": 8
                      }
                    },
                    {
                      "settings": {
                        "MonthRow": 9
                      }
                    },
                    {
                      "settings": {
                        "MonthRow": 10
                      }
                    },
                    {
                      "settings": {
                        "MonthRow": 11
                      }
                    }
                  ],
                  "path": "Popups/Embedded/BillingMonths"
                },
                "type": "ia.display.flex-repeater"
              }
            ],
            "meta": {
              "name": "FlexContainer_0"
            },
            "position": {
              "basis": "410px"
            },
            "props": {
              "direction": "column"
            },
            "type": "ia.container.flex"
          }
        ],
        "meta": {
          "name": "FlexContainer"
        },
        "position": {
          "height": 470,
          "width": 767,
          "x": -0.5
        },
        "type": "ia.container.flex"
      }
    ],
    "meta": {
      "name": "root"
    },
    "position": {
      "x": 5.5,
      "y": -10
    },
    "props": {
      "style": {
        "overflow": "hidden"
      }
    },
    "type": "ia.container.coord"
  }
}