{
  "custom": {},
  "params": {
    "Date": "2024-5-5 0:00:00",
    "EnergyPerPart": 14,
    "PartCount": 10,
    "Producing": ".1",
    "TotalEnergy": 12
  },
  "propConfig": {
    "params.Date": {
      "paramDirection": "input",
      "persistent": true
    },
    "params.EnergyPerPart": {
      "paramDirection": "input",
      "persistent": true
    },
    "params.PartCount": {
      "paramDirection": "input",
      "persistent": true
    },
    "params.Producing": {
      "paramDirection": "input",
      "persistent": true
    },
    "params.TotalEnergy": {
      "paramDirection": "input",
      "persistent": true
    }
  },
  "props": {
    "defaultSize": {
      "height": 61,
      "width": 740
    }
  },
  "root": {
    "children": [
      {
        "meta": {
          "name": "Label"
        },
        "position": {
          "height": 32,
          "rotate": {
            "anchor": "-92% -94%"
          },
          "width": 37,
          "x": 8,
          "y": 15.5
        },
        "propConfig": {
          "props.text": {
            "binding": {
              "config": {
                "expression": "dateFormat({view.params.Date},\u0027M/d\u0027)"
              },
              "type": "expr"
            }
          }
        },
        "props": {
          "textStyle": {
            "classes": "All_Text/Base_Text",
            "color": "#0254A0",
            "fontWeight": "bold"
          }
        },
        "type": "ia.display.label"
      },
      {
        "children": [
          {
            "meta": {
              "name": "Label_0"
            },
            "position": {
              "grow": 1,
              "shrink": 0
            },
            "props": {
              "alignVertical": "bottom",
              "text": "Part count",
              "textStyle": {
                "classes": "All_Text/Input_Label_Tex_tiny",
                "textAlign": "center"
              }
            },
            "type": "ia.display.label"
          },
          {
            "meta": {
              "name": "Label_1"
            },
            "position": {
              "basis": "41px",
              "shrink": 0
            },
            "propConfig": {
              "props.text": {
                "binding": {
                  "config": {
                    "expression": "{view.params.PartCount}"
                  },
                  "type": "expr"
                },
                "onChange": {
                  "enabled": null,
                  "script": "\tsystem.perspective.print(\u0027Part count previousValue: \u0027 + str(previousValue) )\n\tsystem.perspective.print(\u0027Part count currentValue: \u0027 + str(currentValue) )"
                }
              }
            },
            "props": {
              "textStyle": {
                "classes": "All_Text/Input_Label_Text_small",
                "textAlign": "center"
              }
            },
            "type": "ia.display.label"
          }
        ],
        "meta": {
          "name": "FlexContainer_1",
          "tooltip": {
            "enabled": true,
            "text": "Count the number of parts being made, where the parts are defined by the power crosing the part count threshold.  Change that threshold in the machine settings."
          }
        },
        "position": {
          "height": 61,
          "width": 90,
          "x": 460
        },
        "props": {
          "direction": "column"
        },
        "type": "ia.container.flex"
      },
      {
        "children": [
          {
            "meta": {
              "name": "Label_3"
            },
            "position": {
              "grow": 1,
              "shrink": 0
            },
            "props": {
              "alignVertical": "bottom",
              "text": "Energy per part",
              "textStyle": {
                "classes": "All_Text/Input_Label_Tex_tiny",
                "textAlign": "center"
              }
            },
            "type": "ia.display.label"
          },
          {
            "meta": {
              "name": "Label_4"
            },
            "position": {
              "basis": "41px",
              "shrink": 0
            },
            "propConfig": {
              "custom.PartCounter": {
                "binding": {
                  "config": {
                    "aggregate": "MinMax",
                    "avoidScanClassValidation": true,
                    "dateRange": {
                      "endDate": "{../XYChart.custom.EndDateTime}",
                      "startDate": "{../XYChart.custom.StartDateTime}"
                    },
                    "enableValueCache": true,
                    "ignoreBadQuality": false,
                    "preventInterpolation": false,
                    "returnFormat": "Wide",
                    "returnSize": {
                      "numRows": "1",
                      "type": "FIXED"
                    },
                    "tags": "{this.custom.PartCount}",
                    "valueFormat": "DATASET"
                  },
                  "type": "tag-history"
                }
              },
              "props.text": {
                "binding": {
                  "config": {
                    "expression": "concat(round({view.params.EnergyPerPart},1),\" kWh\")"
                  },
                  "type": "expr"
                }
              }
            },
            "props": {
              "textStyle": {
                "classes": "All_Text/Input_Label_Text_small",
                "textAlign": "center"
              }
            },
            "type": "ia.display.label"
          }
        ],
        "meta": {
          "name": "FlexContainer_0",
          "tooltip": {
            "enabled": true,
            "text": "Average energy consumed when a part was being made. It is the average of the energy per part across the producing hours."
          }
        },
        "position": {
          "height": 61,
          "rotate": {
            "anchor": "0% -12%"
          },
          "width": 100,
          "x": 550
        },
        "props": {
          "direction": "column"
        },
        "type": "ia.container.flex"
      },
      {
        "children": [
          {
            "meta": {
              "name": "Label_3"
            },
            "position": {
              "grow": 1,
              "shrink": 0
            },
            "props": {
              "alignVertical": "bottom",
              "text": "% Producing",
              "textStyle": {
                "classes": "All_Text/Input_Label_Tex_tiny",
                "textAlign": "center"
              }
            },
            "type": "ia.display.label"
          },
          {
            "meta": {
              "name": "Label_4"
            },
            "position": {
              "basis": "41px",
              "shrink": 0
            },
            "propConfig": {
              "custom.PartCounter": {
                "binding": {
                  "config": {
                    "aggregate": "MinMax",
                    "avoidScanClassValidation": true,
                    "dateRange": {
                      "endDate": "{../XYChart.custom.EndDateTime}",
                      "startDate": "{../XYChart.custom.StartDateTime}"
                    },
                    "enableValueCache": true,
                    "ignoreBadQuality": false,
                    "preventInterpolation": false,
                    "returnFormat": "Wide",
                    "returnSize": {
                      "numRows": "1",
                      "type": "FIXED"
                    },
                    "tags": "{this.custom.PartCount}",
                    "valueFormat": "DATASET"
                  },
                  "type": "tag-history"
                }
              },
              "props.text": {
                "binding": {
                  "config": {
                    "path": "view.params.Producing"
                  },
                  "transforms": [
                    {
                      "formatType": "numeric",
                      "formatValue": "percent",
                      "type": "format"
                    }
                  ],
                  "type": "property"
                }
              }
            },
            "props": {
              "textStyle": {
                "classes": "All_Text/Input_Label_Text_small",
                "color": "#0254A0",
                "fontWeight": "bold",
                "textAlign": "center"
              }
            },
            "type": "ia.display.label"
          }
        ],
        "meta": {
          "name": "FlexContainer_2",
          "tooltip": {
            "enabled": true,
            "text": "percent of the producing hours when the machine was \"producing\"."
          }
        },
        "position": {
          "height": 61,
          "rotate": {
            "anchor": "0% -12%"
          },
          "width": 90,
          "x": 370
        },
        "props": {
          "direction": "column"
        },
        "type": "ia.container.flex"
      },
      {
        "children": [
          {
            "meta": {
              "name": "Label_6"
            },
            "position": {
              "basis": "18px"
            },
            "props": {
              "alignVertical": "bottom",
              "text": "Total Energy",
              "textStyle": {
                "classes": "All_Text/Input_Label_Tex_tiny"
              }
            },
            "type": "ia.display.label"
          },
          {
            "meta": {
              "name": "Label_7"
            },
            "props": {
              "alignVertical": "bottom",
              "text": "during prod. hrs",
              "textStyle": {
                "classes": "All_Text/Input_Label_Tex_tiny"
              }
            },
            "type": "ia.display.label"
          },
          {
            "meta": {
              "name": "Label_5"
            },
            "position": {
              "basis": "31px",
              "shrink": 0
            },
            "propConfig": {
              "custom.PartCounter": {
                "binding": {
                  "config": {
                    "avoidScanClassValidation": true,
                    "calculations": [
                      "MinMax"
                    ],
                    "dateRange": {
                      "endDate": "{../XYChart.custom.EndDateTime}",
                      "startDate": "{../XYChart.custom.StartDateTime}"
                    },
                    "enableValueCache": true,
                    "ignoreBadQuality": false,
                    "preventInterpolation": false,
                    "returnFormat": "Calculations",
                    "tags": "{this.custom.Energy2}",
                    "valueFormat": "DATASET"
                  },
                  "type": "tag-history"
                }
              },
              "props.text": {
                "binding": {
                  "config": {
                    "expression": "concat(round({view.params.TotalEnergy}),\" kWh\")"
                  },
                  "type": "expr"
                }
              }
            },
            "props": {
              "textStyle": {
                "classes": "All_Text/Input_Label_Text_small",
                "textAlign": "center"
              }
            },
            "type": "ia.display.label"
          }
        ],
        "meta": {
          "name": "FlexContainer",
          "tooltip": {
            "enabled": true,
            "text": "Total energy consumed during the production hours.  This includes energy consumed when parts were being made, but also any energy consumed that was below the part-count power threshold."
          }
        },
        "position": {
          "height": 61,
          "rotate": {
            "anchor": "0% -12%"
          },
          "width": 90,
          "x": 657,
          "y": 1
        },
        "props": {
          "direction": "column"
        },
        "type": "ia.container.flex"
      },
      {
        "meta": {
          "name": "Progress"
        },
        "position": {
          "height": 20,
          "width": 280,
          "x": 80,
          "y": 21.5
        },
        "propConfig": {
          "props.value": {
            "binding": {
              "config": {
                "expression": "{view.params.Producing}\r\n"
              },
              "type": "expr"
            }
          }
        },
        "props": {
          "max": 1
        },
        "type": "ia.display.progress"
      }
    ],
    "custom": {
      "OnOff": [
        {
          "aggregate": "LastValue",
          "alias": "Status",
          "path": "[ESN]Opto22/EdgeNodes/EMK1-0001/Loads/Compressor1/DashboardSettings/Production/ProductionBooleanSimple"
        }
      ]
    },
    "meta": {
      "contextMenu": {
        "style": {
          "backgroundColor": "#AAAAAA"
        }
      },
      "name": "root"
    },
    "position": {
      "x": -61,
      "y": 11
    },
    "propConfig": {
      "props.style.backgroundColor": {
        "binding": {
          "config": {
            "expression": "if(round(getDayOfYear({view.params.Date})/2,0)\u003dgetDayOfYear({view.params.Date})/2,\"#ECEFF6\",\"#D9D9D9\")"
          },
          "type": "expr"
        }
      }
    },
    "props": {
      "style": {
        "margin": 0,
        "overflow": "hidden",
        "overflowX": "hidden",
        "overflowY": "hidden",
        "padding": 0
      }
    },
    "type": "ia.container.coord"
  }
}