{
  "custom": {
    "deviceData": [
      {
        "EMUData": {
          "PhaseA": {
            "Energy": {
              "PhA_ApparentEnergy_kVAh": 6119.3013,
              "PhA_NegativeEnergy_kWh": -0.252131,
              "PhA_NetEnergy_kWh": 4391.18,
              "PhA_NetReactiveEnergy_kVArh": 3897.966,
              "PhA_PositiveEnergy_kWh": 4391.432
            },
            "Power": {
              "PhA_ApparentPower_VA": 7165.2144,
              "PhA_AvgReactivePower_VAr": 6064.227,
              "PhA_Current_Arms": 25.509033,
              "PhA_Frequency_Hz": 59.999943,
              "PhA_HarmonicTruePower_W": 11.965634,
              "PhA_PeakCurrent_A": 37.500843,
              "PhA_PeakVoltage_V": 406.75262,
              "PhA_PowerFactor": 0.5188048,
              "PhA_ReactivePowerFF_VAr": 6042.7393,
              "PhA_ReactivePower_VAr": 6125.486,
              "PhA_TruePowerFF_W": 3705.3828,
              "PhA_TruePower_W": 3717.3484,
              "PhA_Voltage_Vrms": 280.88953
            }
          },
          "PhaseB": {
            "Energy": {
              "PhB_ApparentEnergy_kVAh": 5983.919,
              "PhB_NegativeEnergy_kWh": -0.345084,
              "PhB_NetEnergy_kWh": 4338.45,
              "PhB_NetReactiveEnergy_kVArh": 3694.7698,
              "PhB_PositiveEnergy_kWh": 4338.7954
            },
            "Power": {
              "PhB_ApparentPower_VA": 6766.36,
              "PhB_AvgReactivePower_VAr": 5659.4224,
              "PhB_Current_Arms": 23.999495,
              "PhB_Frequency_Hz": 59.999943,
              "PhB_HarmonicTruePower_W": 9.6360855,
              "PhB_PeakCurrent_A": -35.208923,
              "PhB_PeakVoltage_V": 403.93347,
              "PhB_PowerFactor": 0.54316974,
              "PhB_ReactivePowerFF_VAr": 5637.4077,
              "PhB_ReactivePower_VAr": 5681.188,
              "PhB_TruePowerFF_W": 3665.6462,
              "PhB_TruePower_W": 3675.2825,
              "PhB_Voltage_Vrms": 281.9624
            }
          },
          "PhaseC": {
            "Energy": {
              "PhC_ApparentEnergy_kVAh": 6101.636,
              "PhC_NegativeEnergy_kWh": -0.000041,
              "PhC_NetEnergy_kWh": 4507.751,
              "PhC_NetReactiveEnergy_kVArh": 3784.5913,
              "PhC_PositiveEnergy_kWh": 4507.751
            },
            "Power": {
              "PhC_ApparentPower_VA": 6964.5356,
              "PhC_AvgReactivePower_VAr": 5716.0664,
              "PhC_Current_Arms": 24.793875,
              "PhC_Frequency_Hz": 59.944153,
              "PhC_HarmonicTruePower_W": 13.450783,
              "PhC_PeakCurrent_A": 35.919075,
              "PhC_PeakVoltage_V": -405.13593,
              "PhC_PowerFactor": 0.55711174,
              "PhC_ReactivePowerFF_VAr": 5708.6357,
              "PhC_ReactivePower_VAr": 5783.6084,
              "PhC_TruePowerFF_W": 3866.5737,
              "PhC_TruePower_W": 3880.0247,
              "PhC_Voltage_Vrms": 280.85556
            }
          },
          "Totals": {
            "Energy": {
              "Intervals": {
                "Total_kWh_15min_marker": 18200.064,
                "Total_kWh_Current_15min_Interval": 8.996094,
                "Total_kWh_Timer": 0
              },
              "Total_NegativeEnergy_kWh": -0.597257,
              "Total_NetApparentEnergy_kWh": 18205.584,
              "Total_NetEnergy_kWh": 13237.909,
              "Total_NetReactiveEnergy_kVArh": 11377.691,
              "Total_PositiveEnergy_kWh": 13238.507,
              "Total_UnsignedEnergy_kWh": 13240.926
            },
            "Power": {
              "Intervals": {
                "Total_VA_15min_Demand": 42310.67,
                "Total_VA_15min_Marker": 42314.086,
                "Total_VA_Timer": 0
              },
              "Total_ApparentPower_VA": 20896.11,
              "Total_PowerFactor": 0.5396955,
              "Total_ReactivePower_VAr": 17590.281,
              "Total_TruePower_W": 11272.655
            }
          }
        },
        "EMUProperties": {
          "Firmware Version": "R3.5a",
          "Hardware Part Number": "GRV-R7-I1VAPM-3; 04/13/2020",
          "Hardware Vendor": "Opto 22",
          "Offline DateTime": "2024-01-31 09:45:44.520",
          "Online": true,
          "Online DateTime": "2024-02-23 11:50:23.301"
        }
      }
    ],
    "deviceName": "Compressor1",
    "online": null
  },
  "params": {
    "fullPath": "[MQTT Engine]Edge Nodes/Opto22/EMK1-0001/Energy/Loads/Compressor1"
  },
  "propConfig": {
    "custom.deviceData": {
      "binding": {
        "config": {
          "path": "view.params.fullPath"
        },
        "transforms": [
          {
            "code": "\n\treturn system.tag.readBlocking(value + \".jsonValues\")",
            "type": "script"
          }
        ],
        "type": "property"
      },
      "persistent": true
    },
    "custom.deviceName": {
      "binding": {
        "config": {
          "path": "view.params.fullPath"
        },
        "transforms": [
          {
            "code": "\treturn value.split(\"/\")[len(value.split(\"/\"))-1]",
            "type": "script"
          }
        ],
        "type": "property"
      },
      "persistent": true
    },
    "custom.online": {
      "binding": {
        "config": {
          "fallbackDelay": 2.5,
          "mode": "indirect",
          "references": {
            "fullPath": "{view.params.fullPath}"
          },
          "tagPath": "{fullPath}/KYZProperties/Online"
        },
        "type": "tag"
      },
      "persistent": true
    },
    "params.fullPath": {
      "paramDirection": "input",
      "persistent": true
    }
  },
  "props": {
    "defaultSize": {
      "height": 203,
      "width": 661
    }
  },
  "root": {
    "children": [
      {
        "meta": {
          "name": "Label"
        },
        "position": {
          "basis": 80
        },
        "propConfig": {
          "props.style.backgroundColor": {
            "binding": {
              "config": {
                "path": "view.custom.online"
              },
              "overlayOptOut": true,
              "transforms": [
                {
                  "fallback": "#D1EC0E",
                  "inputType": "scalar",
                  "mappings": [
                    {
                      "input": true,
                      "output": "#04D182"
                    },
                    {
                      "input": false,
                      "output": "#FF6B72"
                    }
                  ],
                  "outputType": "scalar",
                  "type": "map"
                }
              ],
              "type": "property"
            }
          },
          "props.text": {
            "binding": {
              "config": {
                "path": "view.custom.deviceName"
              },
              "type": "property"
            }
          }
        },
        "props": {
          "style": {
            "borderTopLeftRadius": 8,
            "borderTopRightRadius": 8,
            "color": "2B2B2B",
            "fontSize": 16,
            "fontWeight": "bold",
            "textAlign": "center"
          }
        },
        "type": "ia.display.label"
      },
      {
        "children": [
          {
            "children": [
              {
                "meta": {
                  "name": "Image"
                },
                "position": {
                  "basis": "90%",
                  "grow": 1
                },
                "props": {
                  "fit": {
                    "mode": "contain"
                  },
                  "source": "/system/images/devices/groovKYZproduct.png"
                },
                "type": "ia.display.image"
              },
              {
                "meta": {
                  "name": "lblHardwareVendor"
                },
                "position": {
                  "basis": 20
                },
                "propConfig": {
                  "props.text": {
                    "binding": {
                      "config": {
                        "fallbackDelay": 2.5,
                        "mode": "indirect",
                        "references": {
                          "fullPath": "{view.params.fullPath}"
                        },
                        "tagPath": "{fullPath}/KYZProperties/Hardware Make"
                      },
                      "transforms": [
                        {
                          "code": "\treturn value.split(\";\")[0]",
                          "type": "script"
                        }
                      ],
                      "type": "tag"
                    }
                  }
                },
                "props": {
                  "style": {
                    "fontSize": 10,
                    "textAlign": "center"
                  }
                },
                "type": "ia.display.label"
              },
              {
                "meta": {
                  "name": "lblHardwarePartNumber"
                },
                "position": {
                  "basis": 20
                },
                "propConfig": {
                  "props.text": {
                    "binding": {
                      "config": {
                        "fallbackDelay": 2.5,
                        "mode": "indirect",
                        "references": {
                          "fullPath": "{view.params.fullPath}"
                        },
                        "tagPath": "{fullPath}/KYZProperties/Part Number"
                      },
                      "transforms": [
                        {
                          "code": "\treturn value.split(\";\")[0]",
                          "type": "script"
                        }
                      ],
                      "type": "tag"
                    }
                  }
                },
                "props": {
                  "style": {
                    "fontSize": 9,
                    "textAlign": "center"
                  }
                },
                "type": "ia.display.label"
              }
            ],
            "meta": {
              "name": "EMUProduct"
            },
            "position": {
              "basis": 120
            },
            "props": {
              "direction": "column",
              "style": {
                "overflow": "visible"
              }
            },
            "type": "ia.container.flex"
          },
          {
            "meta": {
              "name": "VertBorder"
            },
            "position": {
              "basis": 1
            },
            "props": {
              "style": {
                "borderColor": "#AAAAAA",
                "borderStyle": "solid",
                "borderWidth": 1,
                "margin": 10
              }
            },
            "type": "ia.container.flex"
          },
          {
            "children": [
              {
                "meta": {
                  "name": "Info2"
                },
                "position": {
                  "basis": 20
                },
                "propConfig": {
                  "props.params.value": {
                    "binding": {
                      "config": {
                        "fallbackDelay": 2.5,
                        "mode": "indirect",
                        "references": {
                          "fullPath": "{view.params.fullPath}"
                        },
                        "tagPath": "{fullPath}/Parameters/KYZ Adapter Vendor"
                      },
                      "type": "tag"
                    }
                  }
                },
                "props": {
                  "params": {
                    "fontSize": 10,
                    "label": "KYZ Vendor",
                    "type": "string"
                  },
                  "path": "Templates/Elements/InfoElement",
                  "style": {
                    "marginBottom": 5,
                    "overflow": "visible"
                  }
                },
                "type": "ia.display.view"
              },
              {
                "meta": {
                  "name": "Info1"
                },
                "propConfig": {
                  "props.params.value": {
                    "binding": {
                      "config": {
                        "fallbackDelay": 2.5,
                        "mode": "indirect",
                        "references": {
                          "fullPath": "{view.params.fullPath}"
                        },
                        "tagPath": "{fullPath}/Parameters/KYZ Service Meter Location"
                      },
                      "type": "tag"
                    }
                  }
                },
                "props": {
                  "params": {
                    "fontSize": 10,
                    "label": "Meter Location",
                    "type": "string"
                  },
                  "path": "Templates/Elements/InfoElement",
                  "style": {
                    "marginBottom": 5,
                    "minHeight": "20px",
                    "overflow": "visible"
                  }
                },
                "type": "ia.display.view"
              },
              {
                "meta": {
                  "name": "Info3"
                },
                "position": {
                  "basis": 20
                },
                "propConfig": {
                  "props.params.value": {
                    "binding": {
                      "config": {
                        "fallbackDelay": 2.5,
                        "mode": "indirect",
                        "references": {
                          "fullPath": "{view.params.fullPath}"
                        },
                        "tagPath": "{fullPath}/Parameters/kWh per Pulse"
                      },
                      "type": "tag"
                    }
                  }
                },
                "props": {
                  "params": {
                    "fontSize": 10,
                    "label": "kWh per Pulse"
                  },
                  "path": "Templates/Elements/InfoElement",
                  "style": {
                    "marginBottom": 5,
                    "overflow": "visible"
                  }
                },
                "type": "ia.display.view"
              },
              {
                "meta": {
                  "name": "Info5"
                },
                "position": {
                  "basis": 20
                },
                "propConfig": {
                  "props.params.value": {
                    "binding": {
                      "config": {
                        "fallbackDelay": 2.5,
                        "mode": "indirect",
                        "references": {
                          "fullPath": "{view.params.fullPath}"
                        },
                        "tagPath": "{fullPath}/Parameters/KYZ Install Date"
                      },
                      "type": "tag"
                    }
                  }
                },
                "props": {
                  "params": {
                    "fontSize": 10,
                    "label": "KYZ Install Date",
                    "type": "string"
                  },
                  "path": "Templates/Elements/InfoElement",
                  "style": {
                    "marginBottom": 5,
                    "overflow": "visible"
                  }
                },
                "type": "ia.display.view"
              }
            ],
            "meta": {
              "name": "Parameters"
            },
            "position": {
              "basis": "100%",
              "grow": 1
            },
            "props": {
              "direction": "column"
            },
            "type": "ia.container.flex"
          }
        ],
        "meta": {
          "name": "Body"
        },
        "position": {
          "basis": "200px",
          "grow": 1
        },
        "props": {
          "style": {
            "padding": 5
          }
        },
        "type": "ia.container.flex"
      }
    ],
    "meta": {
      "name": "root"
    },
    "propConfig": {
      "props.style.borderColor": {
        "binding": {
          "config": {
            "path": "view.custom.online"
          },
          "transforms": [
            {
              "fallback": "#D1EC0E",
              "inputType": "scalar",
              "mappings": [
                {
                  "input": true,
                  "output": "#04D182"
                },
                {
                  "input": false,
                  "output": "#FF6B72"
                }
              ],
              "outputType": "scalar",
              "type": "map"
            }
          ],
          "type": "property"
        }
      }
    },
    "props": {
      "direction": "column",
      "style": {
        "borderBottomLeftRadius": 15,
        "borderBottomRightRadius": 15,
        "borderStyle": "solid",
        "borderTopLeftRadius": 15,
        "borderTopRightRadius": 15,
        "borderWidth": 2
      }
    },
    "type": "ia.container.flex"
  }
}