{
  "custom": {},
  "params": {
    "label": "value",
    "max": "value",
    "min": "value",
    "value": "value"
  },
  "propConfig": {
    "params.label": {
      "paramDirection": "input",
      "persistent": true
    },
    "params.max": {
      "paramDirection": "input",
      "persistent": true
    },
    "params.min": {
      "paramDirection": "input",
      "persistent": true
    },
    "params.value": {
      "paramDirection": "input",
      "persistent": true
    }
  },
  "props": {
    "defaultSize": {
      "height": 198,
      "width": 292
    }
  },
  "root": {
    "children": [
      {
        "meta": {
          "name": "Label"
        },
        "position": {
          "basis": "50px"
        },
        "propConfig": {
          "props.text": {
            "binding": {
              "config": {
                "path": "view.params.label"
              },
              "type": "property"
            }
          }
        },
        "props": {
          "textStyle": {
            "fontSize": 14,
            "fontWeight": "bold",
            "textAlign": "center"
          }
        },
        "type": "ia.display.label"
      },
      {
        "meta": {
          "name": "SimpleGauge"
        },
        "position": {
          "basis": "182px",
          "grow": 1
        },
        "propConfig": {
          "props.maxValue": {
            "binding": {
              "config": {
                "path": "view.params.max"
              },
              "type": "property"
            }
          },
          "props.minValue": {
            "binding": {
              "config": {
                "path": "view.params.min"
              },
              "type": "property"
            }
          },
          "props.value": {
            "binding": {
              "config": {
                "path": "view.params.value"
              },
              "type": "property"
            }
          }
        },
        "props": {
          "animate": true,
          "arc": {
            "color": "#2B2B2B"
          },
          "arcBackground": {
            "color": "#808080"
          },
          "label": {
            "size": 30
          },
          "style": {
            "classes": [],
            "marginTop": -10,
            "overflow": "visible"
          }
        },
        "type": "ia.chart.simple-gauge"
      }
    ],
    "meta": {
      "name": "root"
    },
    "props": {
      "direction": "column",
      "style": {
        "borderBottomLeftRadius": 10,
        "borderBottomRightRadius": 10,
        "borderColor": "#555555",
        "borderStyle": "solid",
        "borderTopLeftRadius": 10,
        "borderTopRightRadius": 10,
        "borderWidth": 1,
        "overflow": "visible"
      }
    },
    "type": "ia.container.flex"
  }
}