{
  "custom": {},
  "params": {
    "tagpath": "[ESN]Opto22/EdgeNodes/EMK1-0001/Loads/Compressor1"
  },
  "propConfig": {
    "params.tagpath": {
      "paramDirection": "input",
      "persistent": true
    }
  },
  "props": {
    "defaultSize": {
      "height": 395,
      "width": 499
    }
  },
  "root": {
    "children": [
      {
        "children": [
          {
            "children": [
              {
                "meta": {
                  "name": "Checkbox"
                },
                "position": {
                  "basis": "56px"
                },
                "propConfig": {
                  "props.selected": {
                    "binding": {
                      "config": {
                        "bidirectional": true,
                        "fallbackDelay": 2.5,
                        "mode": "indirect",
                        "references": {
                          "tagpath": "{view.params.tagpath}"
                        },
                        "tagPath": "{tagpath}/DashboardSettings/HighLowThresholds/Power/EnabledLow"
                      },
                      "type": "tag"
                    }
                  }
                },
                "props": {
                  "text": ""
                },
                "type": "ia.input.checkbox"
              },
              {
                "meta": {
                  "name": "Measurement"
                },
                "position": {
                  "basis": "121px"
                },
                "props": {
                  "style": {
                    "classes": "All_Text/Base_Text"
                  },
                  "text": "Low Power"
                },
                "type": "ia.display.label"
              },
              {
                "meta": {
                  "name": "Low"
                },
                "position": {
                  "basis": "38px"
                },
                "props": {
                  "text": "Level",
                  "textStyle": {
                    "classes": "All_Text/Input_Label_Text_small"
                  }
                },
                "type": "ia.display.label"
              },
              {
                "meta": {
                  "name": "NumericEntryField"
                },
                "position": {
                  "basis": "63px"
                },
                "propConfig": {
                  "props.value": {
                    "binding": {
                      "config": {
                        "bidirectional": true,
                        "fallbackDelay": 2.5,
                        "mode": "indirect",
                        "references": {
                          "tagpath": "{view.params.tagpath}"
                        },
                        "tagPath": "{tagpath}/DashboardSettings/HighLowThresholds/Power/Low"
                      },
                      "type": "tag"
                    }
                  }
                },
                "props": {
                  "containerStyle": {
                    "marginBottom": 10,
                    "marginTop": 10
                  },
                  "style": {
                    "classes": "All_Text/Input_Text"
                  }
                },
                "type": "ia.input.numeric-entry-field"
              },
              {
                "meta": {
                  "name": "Units"
                },
                "position": {
                  "basis": "24px"
                },
                "props": {
                  "text": "kW",
                  "textStyle": {
                    "classes": "All_Text/Input_Label_Text_small"
                  }
                },
                "type": "ia.display.label"
              },
              {
                "meta": {
                  "name": "Delay"
                },
                "position": {
                  "basis": "81px"
                },
                "props": {
                  "text": "Delay",
                  "textStyle": {
                    "classes": "All_Text/Input_Label_Text_small"
                  }
                },
                "type": "ia.display.label"
              },
              {
                "meta": {
                  "name": "NumericEntryField_0"
                },
                "position": {
                  "basis": "59px"
                },
                "propConfig": {
                  "props.value": {
                    "binding": {
                      "config": {
                        "bidirectional": true,
                        "fallbackDelay": 2.5,
                        "mode": "indirect",
                        "references": {
                          "tagpath": "{view.params.tagpath}"
                        },
                        "tagPath": "{tagpath}/DashboardSettings/HighLowThresholds/Power/LowDelay"
                      },
                      "type": "tag"
                    }
                  }
                },
                "props": {
                  "containerStyle": {
                    "marginBottom": 10,
                    "marginTop": 10
                  },
                  "style": {
                    "classes": "All_Text/Input_Text"
                  }
                },
                "type": "ia.input.numeric-entry-field"
              },
              {
                "meta": {
                  "name": "Units2"
                },
                "position": {
                  "basis": "14px"
                },
                "props": {
                  "text": "s",
                  "textStyle": {
                    "classes": "All_Text/Input_Label_Text_small"
                  }
                },
                "type": "ia.display.label"
              }
            ],
            "meta": {
              "name": "FlexContainer"
            },
            "position": {
              "grow": 1
            },
            "type": "ia.container.flex"
          },
          {
            "children": [
              {
                "meta": {
                  "name": "Checkbox"
                },
                "position": {
                  "basis": "56px"
                },
                "propConfig": {
                  "props.selected": {
                    "binding": {
                      "config": {
                        "bidirectional": true,
                        "fallbackDelay": 2.5,
                        "mode": "indirect",
                        "references": {
                          "tagpath": "{view.params.tagpath}"
                        },
                        "tagPath": "{tagpath}/DashboardSettings/HighLowThresholds/Power/EnabledHigh"
                      },
                      "type": "tag"
                    }
                  }
                },
                "props": {
                  "text": ""
                },
                "type": "ia.input.checkbox"
              },
              {
                "meta": {
                  "name": "Measurement"
                },
                "position": {
                  "basis": "121px"
                },
                "props": {
                  "style": {
                    "classes": "All_Text/Base_Text"
                  },
                  "text": "High Power"
                },
                "type": "ia.display.label"
              },
              {
                "meta": {
                  "name": "Low"
                },
                "position": {
                  "basis": "38px"
                },
                "props": {
                  "text": "Level",
                  "textStyle": {
                    "classes": "All_Text/Input_Label_Text_small"
                  }
                },
                "type": "ia.display.label"
              },
              {
                "meta": {
                  "name": "NumericEntryField"
                },
                "position": {
                  "basis": "63px"
                },
                "propConfig": {
                  "props.value": {
                    "binding": {
                      "config": {
                        "bidirectional": true,
                        "fallbackDelay": 2.5,
                        "mode": "indirect",
                        "references": {
                          "tagpath": "{view.params.tagpath}"
                        },
                        "tagPath": "{tagpath}/DashboardSettings/HighLowThresholds/Power/High"
                      },
                      "type": "tag"
                    }
                  }
                },
                "props": {
                  "containerStyle": {
                    "marginBottom": 10,
                    "marginTop": 10
                  },
                  "style": {
                    "classes": "All_Text/Input_Text"
                  }
                },
                "type": "ia.input.numeric-entry-field"
              },
              {
                "meta": {
                  "name": "Units"
                },
                "position": {
                  "basis": "24px"
                },
                "props": {
                  "text": "kW",
                  "textStyle": {
                    "classes": "All_Text/Input_Label_Text_small"
                  }
                },
                "type": "ia.display.label"
              },
              {
                "meta": {
                  "name": "Delay"
                },
                "position": {
                  "basis": "81px"
                },
                "props": {
                  "text": "Delay",
                  "textStyle": {
                    "classes": "All_Text/Input_Label_Text_small"
                  }
                },
                "type": "ia.display.label"
              },
              {
                "meta": {
                  "name": "NumericEntryField_0"
                },
                "position": {
                  "basis": "59px"
                },
                "propConfig": {
                  "props.value": {
                    "binding": {
                      "config": {
                        "bidirectional": true,
                        "fallbackDelay": 2.5,
                        "mode": "indirect",
                        "references": {
                          "tagpath": "{view.params.tagpath}"
                        },
                        "tagPath": "{tagpath}/DashboardSettings/HighLowThresholds/Power/HighDelay"
                      },
                      "type": "tag"
                    }
                  }
                },
                "props": {
                  "containerStyle": {
                    "marginBottom": 10,
                    "marginTop": 10
                  },
                  "style": {
                    "classes": "All_Text/Input_Text"
                  }
                },
                "type": "ia.input.numeric-entry-field"
              },
              {
                "meta": {
                  "name": "Units2"
                },
                "position": {
                  "basis": "14px"
                },
                "props": {
                  "text": "s",
                  "textStyle": {
                    "classes": "All_Text/Input_Label_Text_small"
                  }
                },
                "type": "ia.display.label"
              }
            ],
            "meta": {
              "name": "FlexContainer_0"
            },
            "position": {
              "grow": 1
            },
            "type": "ia.container.flex"
          },
          {
            "children": [
              {
                "meta": {
                  "name": "Checkbox"
                },
                "position": {
                  "basis": "56px"
                },
                "propConfig": {
                  "props.selected": {
                    "binding": {
                      "config": {
                        "bidirectional": true,
                        "fallbackDelay": 2.5,
                        "mode": "indirect",
                        "references": {
                          "tagpath": "{view.params.tagpath}"
                        },
                        "tagPath": "{tagpath}/DashboardSettings/HighLowThresholds/Voltage/EnabledLow"
                      },
                      "type": "tag"
                    }
                  }
                },
                "props": {
                  "text": ""
                },
                "type": "ia.input.checkbox"
              },
              {
                "meta": {
                  "name": "Measurement"
                },
                "position": {
                  "basis": "121px"
                },
                "props": {
                  "style": {
                    "classes": "All_Text/Base_Text"
                  },
                  "text": "Low Voltage"
                },
                "type": "ia.display.label"
              },
              {
                "meta": {
                  "name": "Low"
                },
                "position": {
                  "basis": "38px"
                },
                "props": {
                  "text": "Level",
                  "textStyle": {
                    "classes": "All_Text/Input_Label_Text_small"
                  }
                },
                "type": "ia.display.label"
              },
              {
                "meta": {
                  "name": "NumericEntryField"
                },
                "position": {
                  "basis": "63px"
                },
                "propConfig": {
                  "props.value": {
                    "binding": {
                      "config": {
                        "bidirectional": true,
                        "fallbackDelay": 2.5,
                        "mode": "indirect",
                        "references": {
                          "tagpath": "{view.params.tagpath}"
                        },
                        "tagPath": "{tagpath}/DashboardSettings/HighLowThresholds/Voltage/Low"
                      },
                      "type": "tag"
                    }
                  }
                },
                "props": {
                  "containerStyle": {
                    "marginBottom": 10,
                    "marginTop": 10
                  },
                  "style": {
                    "classes": "All_Text/Input_Text"
                  }
                },
                "type": "ia.input.numeric-entry-field"
              },
              {
                "meta": {
                  "name": "Units"
                },
                "position": {
                  "basis": "24px"
                },
                "props": {
                  "text": "V",
                  "textStyle": {
                    "classes": "All_Text/Input_Label_Text_small"
                  }
                },
                "type": "ia.display.label"
              },
              {
                "meta": {
                  "name": "Delay"
                },
                "position": {
                  "basis": "81px"
                },
                "props": {
                  "text": "Delay",
                  "textStyle": {
                    "classes": "All_Text/Input_Label_Text_small"
                  }
                },
                "type": "ia.display.label"
              },
              {
                "meta": {
                  "name": "NumericEntryField_0"
                },
                "position": {
                  "basis": "59px"
                },
                "propConfig": {
                  "props.value": {
                    "binding": {
                      "config": {
                        "bidirectional": true,
                        "fallbackDelay": 2.5,
                        "mode": "indirect",
                        "references": {
                          "tagpath": "{view.params.tagpath}"
                        },
                        "tagPath": "{tagpath}/DashboardSettings/HighLowThresholds/Voltage/LowDelay"
                      },
                      "type": "tag"
                    }
                  }
                },
                "props": {
                  "containerStyle": {
                    "marginBottom": 10,
                    "marginTop": 10
                  },
                  "style": {
                    "classes": "All_Text/Input_Text"
                  }
                },
                "type": "ia.input.numeric-entry-field"
              },
              {
                "meta": {
                  "name": "Units2"
                },
                "position": {
                  "basis": "14px"
                },
                "props": {
                  "text": "s",
                  "textStyle": {
                    "classes": "All_Text/Input_Label_Text_small"
                  }
                },
                "type": "ia.display.label"
              }
            ],
            "meta": {
              "name": "FlexContainer_1"
            },
            "position": {
              "grow": 1
            },
            "type": "ia.container.flex"
          },
          {
            "children": [
              {
                "meta": {
                  "name": "Checkbox"
                },
                "position": {
                  "basis": "56px"
                },
                "propConfig": {
                  "props.selected": {
                    "binding": {
                      "config": {
                        "bidirectional": true,
                        "fallbackDelay": 2.5,
                        "mode": "indirect",
                        "references": {
                          "tagpath": "{view.params.tagpath}"
                        },
                        "tagPath": "{tagpath}/DashboardSettings/HighLowThresholds/Voltage/EnabledHigh"
                      },
                      "type": "tag"
                    }
                  }
                },
                "props": {
                  "text": ""
                },
                "type": "ia.input.checkbox"
              },
              {
                "meta": {
                  "name": "Measurement"
                },
                "position": {
                  "basis": "121px"
                },
                "props": {
                  "style": {
                    "classes": "All_Text/Base_Text"
                  },
                  "text": "High Voltage"
                },
                "type": "ia.display.label"
              },
              {
                "meta": {
                  "name": "Low"
                },
                "position": {
                  "basis": "38px"
                },
                "props": {
                  "text": "Level",
                  "textStyle": {
                    "classes": "All_Text/Input_Label_Text_small"
                  }
                },
                "type": "ia.display.label"
              },
              {
                "meta": {
                  "name": "NumericEntryField"
                },
                "position": {
                  "basis": "63px"
                },
                "propConfig": {
                  "props.value": {
                    "binding": {
                      "config": {
                        "bidirectional": true,
                        "fallbackDelay": 2.5,
                        "mode": "indirect",
                        "references": {
                          "tagpath": "{view.params.tagpath}"
                        },
                        "tagPath": "{tagpath}/DashboardSettings/HighLowThresholds/Voltage/High"
                      },
                      "type": "tag"
                    }
                  }
                },
                "props": {
                  "containerStyle": {
                    "marginBottom": 10,
                    "marginTop": 10
                  },
                  "style": {
                    "classes": "All_Text/Input_Text"
                  }
                },
                "type": "ia.input.numeric-entry-field"
              },
              {
                "meta": {
                  "name": "Units"
                },
                "position": {
                  "basis": "24px"
                },
                "props": {
                  "text": "V",
                  "textStyle": {
                    "classes": "All_Text/Input_Label_Text_small"
                  }
                },
                "type": "ia.display.label"
              },
              {
                "meta": {
                  "name": "Delay"
                },
                "position": {
                  "basis": "81px"
                },
                "props": {
                  "text": "Delay",
                  "textStyle": {
                    "classes": "All_Text/Input_Label_Text_small"
                  }
                },
                "type": "ia.display.label"
              },
              {
                "meta": {
                  "name": "NumericEntryField_0"
                },
                "position": {
                  "basis": "59px"
                },
                "propConfig": {
                  "props.value": {
                    "binding": {
                      "config": {
                        "bidirectional": true,
                        "fallbackDelay": 2.5,
                        "mode": "indirect",
                        "references": {
                          "tagpath": "{view.params.tagpath}"
                        },
                        "tagPath": "{tagpath}/DashboardSettings/HighLowThresholds/Voltage/HighDelay"
                      },
                      "type": "tag"
                    }
                  }
                },
                "props": {
                  "containerStyle": {
                    "marginBottom": 10,
                    "marginTop": 10
                  },
                  "style": {
                    "classes": "All_Text/Input_Text"
                  }
                },
                "type": "ia.input.numeric-entry-field"
              },
              {
                "meta": {
                  "name": "Units2"
                },
                "position": {
                  "basis": "14px"
                },
                "props": {
                  "text": "s",
                  "textStyle": {
                    "classes": "All_Text/Input_Label_Text_small"
                  }
                },
                "type": "ia.display.label"
              }
            ],
            "meta": {
              "name": "FlexContainer_6"
            },
            "position": {
              "grow": 1
            },
            "type": "ia.container.flex"
          },
          {
            "children": [
              {
                "meta": {
                  "name": "Checkbox"
                },
                "position": {
                  "basis": "56px"
                },
                "propConfig": {
                  "props.selected": {
                    "binding": {
                      "config": {
                        "bidirectional": true,
                        "fallbackDelay": 2.5,
                        "mode": "indirect",
                        "references": {
                          "tagpath": "{view.params.tagpath}"
                        },
                        "tagPath": "{tagpath}/DashboardSettings/HighLowThresholds/Frequency/EnabledLow"
                      },
                      "type": "tag"
                    }
                  }
                },
                "props": {
                  "text": ""
                },
                "type": "ia.input.checkbox"
              },
              {
                "meta": {
                  "name": "Measurement"
                },
                "position": {
                  "basis": "121px"
                },
                "props": {
                  "style": {
                    "classes": "All_Text/Base_Text"
                  },
                  "text": "Low Frequency"
                },
                "type": "ia.display.label"
              },
              {
                "meta": {
                  "name": "Low"
                },
                "position": {
                  "basis": "38px"
                },
                "props": {
                  "text": "Level",
                  "textStyle": {
                    "classes": "All_Text/Input_Label_Text_small"
                  }
                },
                "type": "ia.display.label"
              },
              {
                "meta": {
                  "name": "NumericEntryField"
                },
                "position": {
                  "basis": "63px"
                },
                "propConfig": {
                  "props.value": {
                    "binding": {
                      "config": {
                        "bidirectional": true,
                        "fallbackDelay": 2.5,
                        "mode": "indirect",
                        "references": {
                          "tagpath": "{view.params.tagpath}"
                        },
                        "tagPath": "{tagpath}/DashboardSettings/HighLowThresholds/Frequency/Low"
                      },
                      "type": "tag"
                    }
                  }
                },
                "props": {
                  "containerStyle": {
                    "marginBottom": 10,
                    "marginTop": 10
                  },
                  "style": {
                    "classes": "All_Text/Input_Text"
                  }
                },
                "type": "ia.input.numeric-entry-field"
              },
              {
                "meta": {
                  "name": "Units"
                },
                "position": {
                  "basis": "24px"
                },
                "props": {
                  "text": "Hz",
                  "textStyle": {
                    "classes": "All_Text/Input_Label_Text_small"
                  }
                },
                "type": "ia.display.label"
              },
              {
                "meta": {
                  "name": "Delay"
                },
                "position": {
                  "basis": "81px"
                },
                "props": {
                  "text": "Delay",
                  "textStyle": {
                    "classes": "All_Text/Input_Label_Text_small"
                  }
                },
                "type": "ia.display.label"
              },
              {
                "meta": {
                  "name": "NumericEntryField_0"
                },
                "position": {
                  "basis": "59px"
                },
                "propConfig": {
                  "props.value": {
                    "binding": {
                      "config": {
                        "bidirectional": true,
                        "fallbackDelay": 2.5,
                        "mode": "indirect",
                        "references": {
                          "tagpath": "{view.params.tagpath}"
                        },
                        "tagPath": "{tagpath}/DashboardSettings/HighLowThresholds/Frequency/LowDelay"
                      },
                      "type": "tag"
                    }
                  }
                },
                "props": {
                  "containerStyle": {
                    "marginBottom": 10,
                    "marginTop": 10
                  },
                  "style": {
                    "classes": "All_Text/Input_Text"
                  }
                },
                "type": "ia.input.numeric-entry-field"
              },
              {
                "meta": {
                  "name": "Units2"
                },
                "position": {
                  "basis": "14px"
                },
                "props": {
                  "text": "s",
                  "textStyle": {
                    "classes": "All_Text/Input_Label_Text_small"
                  }
                },
                "type": "ia.display.label"
              }
            ],
            "meta": {
              "name": "FlexContainer_2"
            },
            "position": {
              "grow": 1
            },
            "type": "ia.container.flex"
          },
          {
            "children": [
              {
                "meta": {
                  "name": "Checkbox"
                },
                "position": {
                  "basis": "56px"
                },
                "propConfig": {
                  "props.selected": {
                    "binding": {
                      "config": {
                        "bidirectional": true,
                        "fallbackDelay": 2.5,
                        "mode": "indirect",
                        "references": {
                          "tagpath": "{view.params.tagpath}"
                        },
                        "tagPath": "{tagpath}/DashboardSettings/HighLowThresholds/Frequency/EnabledHigh"
                      },
                      "type": "tag"
                    }
                  }
                },
                "props": {
                  "text": ""
                },
                "type": "ia.input.checkbox"
              },
              {
                "meta": {
                  "name": "Measurement"
                },
                "position": {
                  "basis": "121px"
                },
                "props": {
                  "style": {
                    "classes": "All_Text/Base_Text"
                  },
                  "text": "High Frequency"
                },
                "type": "ia.display.label"
              },
              {
                "meta": {
                  "name": "Low"
                },
                "position": {
                  "basis": "38px"
                },
                "props": {
                  "text": "Level",
                  "textStyle": {
                    "classes": "All_Text/Input_Label_Text_small"
                  }
                },
                "type": "ia.display.label"
              },
              {
                "meta": {
                  "name": "NumericEntryField"
                },
                "position": {
                  "basis": "63px"
                },
                "propConfig": {
                  "props.value": {
                    "binding": {
                      "config": {
                        "bidirectional": true,
                        "fallbackDelay": 2.5,
                        "mode": "indirect",
                        "references": {
                          "tagpath": "{view.params.tagpath}"
                        },
                        "tagPath": "{tagpath}/DashboardSettings/HighLowThresholds/Frequency/High"
                      },
                      "type": "tag"
                    }
                  }
                },
                "props": {
                  "containerStyle": {
                    "marginBottom": 10,
                    "marginTop": 10
                  },
                  "style": {
                    "classes": "All_Text/Input_Text"
                  }
                },
                "type": "ia.input.numeric-entry-field"
              },
              {
                "meta": {
                  "name": "Units"
                },
                "position": {
                  "basis": "24px"
                },
                "props": {
                  "text": "Hz",
                  "textStyle": {
                    "classes": "All_Text/Input_Label_Text_small"
                  }
                },
                "type": "ia.display.label"
              },
              {
                "meta": {
                  "name": "Delay"
                },
                "position": {
                  "basis": "81px"
                },
                "props": {
                  "text": "Delay",
                  "textStyle": {
                    "classes": "All_Text/Input_Label_Text_small"
                  }
                },
                "type": "ia.display.label"
              },
              {
                "meta": {
                  "name": "NumericEntryField_0"
                },
                "position": {
                  "basis": "59px"
                },
                "propConfig": {
                  "props.value": {
                    "binding": {
                      "config": {
                        "bidirectional": true,
                        "fallbackDelay": 2.5,
                        "mode": "indirect",
                        "references": {
                          "tagpath": "{view.params.tagpath}"
                        },
                        "tagPath": "{tagpath}/DashboardSettings/HighLowThresholds/Frequency/HighDelay"
                      },
                      "type": "tag"
                    }
                  }
                },
                "props": {
                  "containerStyle": {
                    "marginBottom": 10,
                    "marginTop": 10
                  },
                  "style": {
                    "classes": "All_Text/Input_Text"
                  }
                },
                "type": "ia.input.numeric-entry-field"
              },
              {
                "meta": {
                  "name": "Units2"
                },
                "position": {
                  "basis": "14px"
                },
                "props": {
                  "text": "s",
                  "textStyle": {
                    "classes": "All_Text/Input_Label_Text_small"
                  }
                },
                "type": "ia.display.label"
              }
            ],
            "meta": {
              "name": "FlexContainer_3"
            },
            "position": {
              "grow": 1
            },
            "type": "ia.container.flex"
          },
          {
            "children": [
              {
                "meta": {
                  "name": "Checkbox"
                },
                "position": {
                  "basis": "56px"
                },
                "propConfig": {
                  "props.selected": {
                    "binding": {
                      "config": {
                        "bidirectional": true,
                        "fallbackDelay": 2.5,
                        "mode": "indirect",
                        "references": {
                          "tagpath": "{view.params.tagpath}"
                        },
                        "tagPath": "{tagpath}/DashboardSettings/HighLowThresholds/PhaseMismatch/Enabled"
                      },
                      "type": "tag"
                    }
                  }
                },
                "props": {
                  "text": ""
                },
                "type": "ia.input.checkbox"
              },
              {
                "meta": {
                  "name": "Measurement"
                },
                "position": {
                  "basis": "121px"
                },
                "props": {
                  "style": {
                    "classes": "All_Text/Base_Text"
                  },
                  "text": "Phase Mismatch"
                },
                "type": "ia.display.label"
              },
              {
                "meta": {
                  "name": "Low"
                },
                "position": {
                  "basis": "38px"
                },
                "props": {
                  "text": "Level",
                  "textStyle": {
                    "classes": "All_Text/Input_Label_Text_small"
                  }
                },
                "type": "ia.display.label"
              },
              {
                "meta": {
                  "name": "NumericEntryField"
                },
                "position": {
                  "basis": "63px"
                },
                "propConfig": {
                  "props.value": {
                    "binding": {
                      "config": {
                        "bidirectional": true,
                        "fallbackDelay": 2.5,
                        "mode": "indirect",
                        "references": {
                          "tagpath": "{view.params.tagpath}"
                        },
                        "tagPath": "{tagpath}/DashboardSettings/HighLowThresholds/PhaseMismatch/High"
                      },
                      "type": "tag"
                    }
                  }
                },
                "props": {
                  "containerStyle": {
                    "marginBottom": 10,
                    "marginTop": 10
                  },
                  "style": {
                    "classes": "All_Text/Input_Text"
                  }
                },
                "type": "ia.input.numeric-entry-field"
              },
              {
                "meta": {
                  "name": "Units"
                },
                "position": {
                  "basis": "24px"
                },
                "props": {
                  "text": "frac.",
                  "textStyle": {
                    "classes": "All_Text/Input_Label_Text_small"
                  }
                },
                "type": "ia.display.label"
              },
              {
                "meta": {
                  "name": "Delay"
                },
                "position": {
                  "basis": "81px"
                },
                "props": {
                  "text": "Delay",
                  "textStyle": {
                    "classes": "All_Text/Input_Label_Text_small"
                  }
                },
                "type": "ia.display.label"
              },
              {
                "meta": {
                  "name": "NumericEntryField_0"
                },
                "position": {
                  "basis": "59px"
                },
                "propConfig": {
                  "props.value": {
                    "binding": {
                      "config": {
                        "bidirectional": true,
                        "fallbackDelay": 2.5,
                        "mode": "indirect",
                        "references": {
                          "tagpath": "{view.params.tagpath}"
                        },
                        "tagPath": "{tagpath}/DashboardSettings/HighLowThresholds/PhaseMismatch/HighDelay"
                      },
                      "type": "tag"
                    }
                  }
                },
                "props": {
                  "containerStyle": {
                    "marginBottom": 10,
                    "marginTop": 10
                  },
                  "style": {
                    "classes": "All_Text/Input_Text"
                  }
                },
                "type": "ia.input.numeric-entry-field"
              },
              {
                "meta": {
                  "name": "Units2"
                },
                "position": {
                  "basis": "14px"
                },
                "props": {
                  "text": "s",
                  "textStyle": {
                    "classes": "All_Text/Input_Label_Text_small"
                  }
                },
                "type": "ia.display.label"
              }
            ],
            "meta": {
              "name": "FlexContainer_4"
            },
            "position": {
              "grow": 1
            },
            "type": "ia.container.flex"
          },
          {
            "children": [
              {
                "meta": {
                  "name": "Checkbox"
                },
                "position": {
                  "basis": "56px"
                },
                "propConfig": {
                  "props.selected": {
                    "binding": {
                      "config": {
                        "bidirectional": true,
                        "fallbackDelay": 2.5,
                        "mode": "indirect",
                        "references": {
                          "tagpath": "{view.params.tagpath}"
                        },
                        "tagPath": "{tagpath}/DashboardSettings/HighLowThresholds/PowerFactor/EnabledLow"
                      },
                      "type": "tag"
                    }
                  }
                },
                "props": {
                  "text": ""
                },
                "type": "ia.input.checkbox"
              },
              {
                "meta": {
                  "name": "Measurement"
                },
                "position": {
                  "basis": "121px"
                },
                "props": {
                  "style": {
                    "classes": "All_Text/Base_Text"
                  },
                  "text": "Low Power Factor"
                },
                "type": "ia.display.label"
              },
              {
                "meta": {
                  "name": "Low"
                },
                "position": {
                  "basis": "38px"
                },
                "props": {
                  "text": "Level",
                  "textStyle": {
                    "classes": "All_Text/Input_Label_Text_small"
                  }
                },
                "type": "ia.display.label"
              },
              {
                "meta": {
                  "name": "NumericEntryField"
                },
                "position": {
                  "basis": "63px"
                },
                "propConfig": {
                  "props.value": {
                    "binding": {
                      "config": {
                        "bidirectional": true,
                        "fallbackDelay": 2.5,
                        "mode": "indirect",
                        "references": {
                          "tagpath": "{view.params.tagpath}"
                        },
                        "tagPath": "{tagpath}/DashboardSettings/HighLowThresholds/PowerFactor/Low"
                      },
                      "type": "tag"
                    }
                  }
                },
                "props": {
                  "containerStyle": {
                    "marginBottom": 10,
                    "marginTop": 10
                  },
                  "style": {
                    "classes": "All_Text/Input_Text"
                  }
                },
                "type": "ia.input.numeric-entry-field"
              },
              {
                "meta": {
                  "name": "Units"
                },
                "position": {
                  "basis": "24px"
                },
                "props": {
                  "textStyle": {
                    "classes": "All_Text/Input_Label_Text_small"
                  }
                },
                "type": "ia.display.label"
              },
              {
                "meta": {
                  "name": "Delay"
                },
                "position": {
                  "basis": "81px"
                },
                "props": {
                  "text": "Delay",
                  "textStyle": {
                    "classes": "All_Text/Input_Label_Text_small"
                  }
                },
                "type": "ia.display.label"
              },
              {
                "meta": {
                  "name": "NumericEntryField_0"
                },
                "position": {
                  "basis": "59px"
                },
                "propConfig": {
                  "props.value": {
                    "binding": {
                      "config": {
                        "bidirectional": true,
                        "fallbackDelay": 2.5,
                        "mode": "indirect",
                        "references": {
                          "tagpath": "{view.params.tagpath}"
                        },
                        "tagPath": "{tagpath}/DashboardSettings/HighLowThresholds/PowerFactor/LowDelay"
                      },
                      "type": "tag"
                    }
                  }
                },
                "props": {
                  "containerStyle": {
                    "marginBottom": 10,
                    "marginTop": 10
                  },
                  "style": {
                    "classes": "All_Text/Input_Text"
                  }
                },
                "type": "ia.input.numeric-entry-field"
              },
              {
                "meta": {
                  "name": "Units2"
                },
                "position": {
                  "basis": "14px"
                },
                "props": {
                  "text": "s",
                  "textStyle": {
                    "classes": "All_Text/Input_Label_Text_small"
                  }
                },
                "type": "ia.display.label"
              }
            ],
            "meta": {
              "name": "FlexContainer_5"
            },
            "position": {
              "grow": 1
            },
            "type": "ia.container.flex"
          },
          {
            "children": [
              {
                "meta": {
                  "name": "Checkbox"
                },
                "position": {
                  "basis": "56px"
                },
                "propConfig": {
                  "props.selected": {
                    "binding": {
                      "config": {
                        "bidirectional": true,
                        "fallbackDelay": 2.5,
                        "mode": "indirect",
                        "references": {
                          "tagpath": "{view.params.tagpath}"
                        },
                        "tagPath": "{tagpath}/DashboardSettings/HighLowThresholds/Harmonics/Enabled"
                      },
                      "type": "tag"
                    }
                  }
                },
                "props": {
                  "text": ""
                },
                "type": "ia.input.checkbox"
              },
              {
                "meta": {
                  "name": "Measurement"
                },
                "position": {
                  "basis": "121px"
                },
                "props": {
                  "style": {
                    "classes": "All_Text/Base_Text"
                  },
                  "text": "High Harmonics"
                },
                "type": "ia.display.label"
              },
              {
                "meta": {
                  "name": "Low"
                },
                "position": {
                  "basis": "38px"
                },
                "props": {
                  "text": "Level",
                  "textStyle": {
                    "classes": "All_Text/Input_Label_Text_small"
                  }
                },
                "type": "ia.display.label"
              },
              {
                "meta": {
                  "name": "NumericEntryField"
                },
                "position": {
                  "basis": "63px"
                },
                "propConfig": {
                  "props.value": {
                    "binding": {
                      "config": {
                        "bidirectional": true,
                        "fallbackDelay": 2.5,
                        "mode": "indirect",
                        "references": {
                          "tagpath": "{view.params.tagpath}"
                        },
                        "tagPath": "{tagpath}/DashboardSettings/HighLowThresholds/Harmonics/High"
                      },
                      "type": "tag"
                    }
                  }
                },
                "props": {
                  "containerStyle": {
                    "marginBottom": 10,
                    "marginTop": 10
                  },
                  "style": {
                    "classes": "All_Text/Input_Text"
                  }
                },
                "type": "ia.input.numeric-entry-field"
              },
              {
                "meta": {
                  "name": "Units"
                },
                "position": {
                  "basis": "24px"
                },
                "props": {
                  "text": "frac",
                  "textStyle": {
                    "classes": "All_Text/Input_Label_Text_small"
                  }
                },
                "type": "ia.display.label"
              },
              {
                "meta": {
                  "name": "Delay"
                },
                "position": {
                  "basis": "81px"
                },
                "props": {
                  "text": "Delay",
                  "textStyle": {
                    "classes": "All_Text/Input_Label_Text_small"
                  }
                },
                "type": "ia.display.label"
              },
              {
                "meta": {
                  "name": "NumericEntryField_0"
                },
                "position": {
                  "basis": "59px"
                },
                "propConfig": {
                  "props.value": {
                    "binding": {
                      "config": {
                        "bidirectional": true,
                        "fallbackDelay": 2.5,
                        "mode": "indirect",
                        "references": {
                          "tagpath": "{view.params.tagpath}"
                        },
                        "tagPath": "{tagpath}/DashboardSettings/HighLowThresholds/Harmonics/HighDelay"
                      },
                      "type": "tag"
                    }
                  }
                },
                "props": {
                  "containerStyle": {
                    "marginBottom": 10,
                    "marginTop": 10
                  },
                  "style": {
                    "classes": "All_Text/Input_Text"
                  }
                },
                "type": "ia.input.numeric-entry-field"
              },
              {
                "meta": {
                  "name": "Units2"
                },
                "position": {
                  "basis": "14px"
                },
                "props": {
                  "text": "s",
                  "textStyle": {
                    "classes": "All_Text/Input_Label_Text_small"
                  }
                },
                "type": "ia.display.label"
              }
            ],
            "meta": {
              "name": "FlexContainer_7"
            },
            "position": {
              "grow": 1
            },
            "type": "ia.container.flex"
          }
        ],
        "meta": {
          "name": "FlexContainer"
        },
        "position": {
          "height": 395,
          "width": 499
        },
        "props": {
          "alignContent": "flex-start",
          "alignItems": "flex-start",
          "direction": "column"
        },
        "type": "ia.container.flex"
      }
    ],
    "meta": {
      "name": "root"
    },
    "type": "ia.container.coord"
  }
}